Checked,Molecular Weight,RT [min],FWHM [min],Max. # MI,# Adducts,"Area, NOT",Study File ID,Sample,"WT,RT",Checked,Molecular Weight,RT [min],FWHM [min],Max. # MI,# Adducts,AreaBTZ,Study File ID,Sample,"WT,RT",Enrichment
TRUE,331.19835,7.862,0.08,3,1,9945772.327,F45,NOT,"331.19835,7.862",TRUE,331.19835,7.862,0.076,3,1,8662189.229,F13,BTZ,"331.19835,7.862",0.870941838
TRUE,310.15907,7.864,0.091,2,1,9731369.855,F44,NOT,"310.15907,7.864",TRUE,310.15907,7.864,0.068,3,1,12030179.94,F13,BTZ,"310.15907,7.864",1.236226772
TRUE,286.15978,7.869,0.085,2,1,7960314.681,F37,NOT,"286.15978,7.869",TRUE,286.15978,7.869,0.077,2,1,7098095.176,F4,BTZ,"286.15978,7.869",0.891685249
TRUE,224.12276,7.871,0.087,3,1,13152334.86,F42,NOT,"224.12276,7.871",TRUE,224.12276,7.871,0.055,2,1,17946447.26,F12,BTZ,"224.12276,7.871",1.364506565
TRUE,216.11791,7.893,0.103,3,1,48558966.8,F36,NOT,"216.11791,7.893",TRUE,216.11791,7.893,0.113,3,1,59805279.65,F6,BTZ,"216.11791,7.893",1.231601156
TRUE,348.21163,7.915,0.097,4,1,84674680.43,F35,NOT,"348.21163,7.915",TRUE,348.21163,7.915,0.094,4,1,78844935.3,F5,BTZ,"348.21163,7.915",0.931151259
TRUE,266.18776,7.919,0.14,2,1,37171864.57,F40,NOT,"266.18776,7.919",TRUE,266.18776,7.919,0.148,2,1,47632288.72,F6,BTZ,"266.18776,7.919",1.281407034
TRUE,230.13347,7.923,0.107,3,1,66986625.15,F38,NOT,"230.13347,7.923",TRUE,230.13347,7.923,0.105,2,1,59416820.99,F4,BTZ,"230.13347,7.923",0.88699529
TRUE,254.16954,7.949,0.131,3,1,114105017.1,F42,NOT,"254.16954,7.949",TRUE,254.16954,7.949,0.136,3,2,165991378.8,F12,BTZ,"254.16954,7.949",1.45472463
TRUE,260.18101,7.96,0.083,4,1,266190393,F36,NOT,"260.18101,7.96",TRUE,260.18101,7.96,0.068,3,1,214494447.6,F6,BTZ,"260.18101,7.96",0.805793347
TRUE,196.18236,8,0.08,3,2,55661929,F37,NOT,"196.18236,8",TRUE,196.18236,8,0.072,2,2,43703580.02,F4,BTZ,"196.18236,8",0.785161075
TRUE,240.19046,8.037,0.092,2,1,133757460.9,F35,NOT,"240.19046,8.037",TRUE,240.19046,8.037,0.079,2,1,101445412,F8,BTZ,"240.19046,8.037",0.758428063
TRUE,240.20831,8.043,0.183,2,1,37742060.27,F42,NOT,"240.20831,8.043",TRUE,240.20831,8.043,0.148,2,1,24376670.39,F8,BTZ,"240.20831,8.043",0.645875456
TRUE,294.18678,8.071,0.076,2,1,40418996,F35,NOT,"294.18678,8.071",TRUE,294.18678,8.071,0.076,3,1,41767519.12,F8,BTZ,"294.18678,8.071",1.033363598
TRUE,414.10597,8.093,0.124,2,1,13684156.63,F41,NOT,"414.10597,8.093",TRUE,414.10597,8.093,0.115,2,1,14567960.06,F7,BTZ,"414.10597,8.093",1.06458589
TRUE,412.20873,8.095,0.101,2,1,28235227.73,F41,NOT,"412.20873,8.095",TRUE,412.20873,8.095,0.129,2,1,26285275.97,F7,BTZ,"412.20873,8.095",0.930939046
TRUE,358.28966,8.098,0.129,4,3,1340796065,F39,NOT,"358.28966,8.098",TRUE,358.28966,8.098,0.131,4,3,1274615732,F4,BTZ,"358.28966,8.098",0.950641015
TRUE,527.40276,8.11,0.094,2,1,11025831.14,F37,NOT,"527.40276,8.11",TRUE,527.40276,8.11,0.092,2,1,10215092.63,F6,BTZ,"527.40276,8.11",0.92646917
TRUE,110.10977,8.111,0.061,2,1,21276387.63,F36,NOT,"110.10977,8.111",TRUE,110.10977,8.111,0.056,2,1,14322925.11,F3,BTZ,"110.10977,8.111",0.673184065
TRUE,110.10974,8.111,0.054,2,1,18291874.86,F38,NOT,"110.10974,8.111",TRUE,110.10974,8.111,0.063,2,1,24416553.34,F4,BTZ,"110.10974,8.111",1.334830548
TRUE,268.22191,8.119,0.084,3,1,251730799.9,F36,NOT,"268.22191,8.119",TRUE,268.22191,8.119,0.085,3,1,131380567.8,F5,BTZ,"268.22191,8.119",0.521908991
TRUE,293.25307,8.201,0.072,3,1,75601790.74,F43,NOT,"293.25307,8.201",TRUE,293.25307,8.201,0.07,2,1,51257693.55,F12,BTZ,"293.25307,8.201",0.67799576
TRUE,293.25307,8.201,0.075,2,1,71362187.59,F45,NOT,"293.25307,8.201",TRUE,293.25307,8.201,0.07,2,1,51257693.55,F12,BTZ,"293.25307,8.201",0.718275256
TRUE,321.28487,8.289,0.097,2,1,52859267.84,F37,NOT,"321.28487,8.289",TRUE,321.28487,8.289,0.076,2,1,28024029.31,F5,BTZ,"321.28487,8.289",0.530163024
TRUE,272.21318,8.308,0.139,2,1,83579724.28,F43,NOT,"272.21318,8.308",TRUE,272.21318,8.308,0.149,2,1,64242246.65,F11,BTZ,"272.21318,8.308",0.768634345
TRUE,534.46284,8.329,0.05,3,1,22163312.48,F42,NOT,"534.46284,8.329",TRUE,534.46284,8.329,0.051,2,1,9145929.71,F5,BTZ,"534.46284,8.329",0.412660775
TRUE,359.24101,8.333,0.092,4,1,32333848.71,F35,NOT,"359.24101,8.333",TRUE,359.24101,8.333,0.095,3,1,42558095.53,F4,BTZ,"359.24101,8.333",1.316208779
TRUE,359.24111,8.336,0.107,4,1,44884282.41,F38,NOT,"359.24111,8.336",TRUE,359.24111,8.336,0.096,4,1,41474987.36,F6,BTZ,"359.24111,8.336",0.924042563
TRUE,371.2487,8.345,0.096,3,1,28024281.31,F40,NOT,"371.2487,8.345",TRUE,371.2487,8.345,0.1,2,1,20014622.46,F8,BTZ,"371.2487,8.345",0.714188608
TRUE,371.24837,8.348,0.105,2,1,55197035.38,F42,NOT,"371.24837,8.348",TRUE,371.24837,8.348,0.096,2,1,14932590.08,F12,BTZ,"371.24837,8.348",0.270532466
TRUE,680.4663,8.351,0.051,2,1,7995543.674,F41,NOT,"680.4663,8.351",TRUE,680.4663,8.351,0.071,2,1,8078615.573,F12,BTZ,"680.4663,8.351",1.010389775
TRUE,281.27123,8.36,0.074,2,1,14270636.59,F40,NOT,"281.27123,8.36",TRUE,281.27123,8.36,0.083,2,1,16104402.96,F8,BTZ,"281.27123,8.36",1.128499269
TRUE,258.18288,8.363,0.121,2,1,24047354.38,F36,NOT,"258.18288,8.363",TRUE,258.18288,8.363,0.107,2,1,23953303.65,F3,BTZ,"258.18288,8.363",0.996088936
TRUE,255.25536,8.382,0.081,2,1,28284485.68,F45,NOT,"255.25536,8.382",TRUE,255.25536,8.382,0.106,2,1,27355612.22,F11,BTZ,"255.25536,8.382",0.967159613
TRUE,325.29759,8.439,0.08,3,1,405027323.2,F38,NOT,"325.29759,8.439",TRUE,325.29759,8.439,0.069,3,1,341019884.6,F6,BTZ,"325.29759,8.439",0.841967603
TRUE,418.30782,8.467,0.102,3,1,68601922.91,F38,NOT,"418.30782,8.467",TRUE,418.30782,8.467,0.124,3,1,101776220.2,F6,BTZ,"418.30782,8.467",1.483576784
TRUE,311.3181,8.705,0.078,3,1,304960417.3,F40,NOT,"311.3181,8.705",TRUE,311.3181,8.705,0.09,3,1,168667344.3,F8,BTZ,"311.3181,8.705",0.553079465
TRUE,311.3178,8.707,0.076,3,1,329146690.5,F43,NOT,"311.3178,8.707",TRUE,311.3178,8.707,0.104,3,1,242464078.3,F12,BTZ,"311.3178,8.707",0.736644436
TRUE,330.21471,9.924,0.125,2,1,24243714.38,F40,NOT,"330.21471,9.924",TRUE,330.21471,9.924,0.098,2,1,17339134.2,F7,BTZ,"330.21471,9.924",0.715201224
TRUE,212.18857,10.015,0.078,3,1,141458087.9,F39,NOT,"212.18857,10.015",TRUE,212.18857,10.015,0.07,2,1,113748373.5,F6,BTZ,"212.18857,10.015",0.804113608
TRUE,315.16747,10.219,0.106,2,1,12164273.72,F45,NOT,"315.16747,10.219",TRUE,315.16747,10.219,0.1,2,1,8845350.462,F7,BTZ,"315.16747,10.219",0.727158124
TRUE,415.27733,10.297,0.068,2,1,22036901.32,F41,NOT,"415.27733,10.297",TRUE,415.27733,10.297,0.088,2,1,16272598.15,F4,BTZ,"415.27733,10.297",0.738424968
TRUE,300.24071,10.383,0.096,3,1,222418833.1,F39,NOT,"300.24071,10.383",TRUE,300.24071,10.383,0.094,3,1,253741708.1,F6,BTZ,"300.24071,10.383",1.14082834
TRUE,268.17821,10.448,0.095,2,1,31323747.25,F40,NOT,"268.17821,10.448",TRUE,268.17821,10.448,0.098,2,1,20072045.21,F6,BTZ,"268.17821,10.448",0.640793231
TRUE,268.178,10.448,0.109,2,1,17110296.43,F44,NOT,"268.178,10.448",TRUE,268.178,10.448,0.102,2,1,15587615.4,F11,BTZ,"268.178,10.448",0.911007911
TRUE,299.17232,10.566,0.103,2,1,16768455.98,F45,NOT,"299.17232,10.566",TRUE,299.17232,10.566,0.097,2,1,13721914.57,F12,BTZ,"299.17232,10.566",0.818317118
TRUE,503.33019,10.575,0.084,2,1,17555485.98,F36,NOT,"503.33019,10.575",TRUE,503.33019,10.575,0.09,2,1,12896600.7,F5,BTZ,"503.33019,10.575",0.734619407
TRUE,282.23024,10.645,0.097,2,1,15082094.49,F37,NOT,"282.23024,10.645",TRUE,282.23024,10.645,0.131,2,1,66331935.79,F4,BTZ,"282.23024,10.645",4.398058627
TRUE,546.32474,10.799,0.088,3,2,59939350.69,F35,NOT,"546.32474,10.799",TRUE,546.32474,10.799,0.083,3,2,66295342.56,F3,BTZ,"546.32474,10.799",1.106040386
TRUE,473.3188,10.835,0.081,3,1,470044335.7,F42,NOT,"473.3188,10.835",TRUE,473.3188,10.835,0.078,3,1,78640123.95,F12,BTZ,"473.3188,10.835",0.167303631
TRUE,570.35068,10.836,0.071,3,1,9599819.106,F40,NOT,"570.35068,10.836",TRUE,570.35068,10.836,0.074,3,1,7740209.921,F4,BTZ,"570.35068,10.836",0.80628706
TRUE,258.10967,10.861,0.098,2,1,7801461.408,F44,NOT,"258.10967,10.861",TRUE,258.10967,10.861,0.127,2,1,9667389.628,F12,BTZ,"258.10967,10.861",1.239176755
TRUE,324.24065,10.931,0.096,2,1,47326303.43,F39,NOT,"324.24065,10.931",TRUE,324.24065,10.931,0.091,2,1,41408644.08,F4,BTZ,"324.24065,10.931",0.874960457
TRUE,180.16222,10.936,0.088,2,1,17972467.58,F44,NOT,"180.16222,10.936",TRUE,180.16222,10.936,0.098,2,1,16430114.43,F12,BTZ,"180.16222,10.936",0.914182449
TRUE,317.18285,10.962,0.091,2,1,24608867.57,F45,NOT,"317.18285,10.962",TRUE,317.18285,10.962,0.105,2,1,29411909.18,F13,BTZ,"317.18285,10.962",1.195175239
TRUE,517.34557,10.962,0.063,2,1,21334255.73,F40,NOT,"517.34557,10.962",TRUE,517.34557,10.962,0.079,3,1,42592043.57,F4,BTZ,"517.34557,10.962",1.996415723
TRUE,277.20363,10.983,0.078,2,2,303503609.7,F39,NOT,"277.20363,10.983",TRUE,277.20363,10.983,0.078,2,2,285360167,F4,BTZ,"277.20363,10.983",0.94022001
TRUE,298.16054,11.011,0.044,2,1,32370905.11,F36,NOT,"298.16054,11.011",TRUE,298.16054,11.011,0.046,2,1,25765256.2,F3,BTZ,"298.16054,11.011",0.795938702
TRUE,383.31371,11.014,0.101,2,1,84162811.31,F41,NOT,"383.31371,11.014",TRUE,383.31371,11.014,0.095,2,1,70151833.48,F12,BTZ,"383.31371,11.014",0.833525311
TRUE,312.17622,11.015,0.048,4,1,188859653,F35,NOT,"312.17622,11.015",TRUE,312.17622,11.015,0.047,3,1,130828400.6,F8,BTZ,"312.17622,11.015",0.692728164
TRUE,406.36618,11.041,0.083,2,1,37970175.42,F42,NOT,"406.36618,11.041",TRUE,406.36618,11.041,0.086,2,1,8999919.845,F7,BTZ,"406.36618,11.041",0.237026028
TRUE,244.0394,11.063,0.101,2,1,14944087.44,F36,NOT,"244.0394,11.063",TRUE,244.0394,11.063,0.126,2,1,22919004.64,F3,BTZ,"244.0394,11.063",1.53365033
TRUE,756.48178,11.116,0.082,2,1,17200578.21,F40,NOT,"756.48178,11.116",TRUE,756.48178,11.116,0.099,2,1,15485308.55,F4,BTZ,"756.48178,11.116",0.900278372
TRUE,475.28057,11.126,0.077,2,1,7023724.467,F37,NOT,"475.28057,11.126",TRUE,475.28057,11.126,0.084,2,1,34510346.35,F4,BTZ,"475.28057,11.126",4.913396947
TRUE,366.28752,11.134,0.168,2,1,58862837.11,F39,NOT,"366.28752,11.134",TRUE,366.28752,11.134,0.171,2,1,56968227.73,F4,BTZ,"366.28752,11.134",0.967813149
TRUE,605.39757,11.143,0.079,2,1,12058595.77,F39,NOT,"605.39757,11.143",TRUE,605.39757,11.143,0.083,2,1,11293820.72,F4,BTZ,"605.39757,11.143",0.936578432
TRUE,253.16742,11.179,0.094,2,1,49536741.39,F35,NOT,"253.16742,11.179",TRUE,253.16742,11.179,0.1,2,1,28676001.69,F5,BTZ,"253.16742,11.179",0.578883489
TRUE,800.50797,11.186,0.082,2,1,13088449.96,F40,NOT,"800.50797,11.186",TRUE,800.50797,11.186,0.085,4,1,15488961.56,F4,BTZ,"800.50797,11.186",1.183406867
TRUE,604.36548,11.227,0.088,3,4,129706566.2,F41,NOT,"604.36548,11.227",TRUE,604.36548,11.227,0.087,3,3,74681776.85,F12,BTZ,"604.36548,11.227",0.575774836
TRUE,141.11511,11.347,0.133,2,1,60741517.49,F44,NOT,"141.11511,11.347",TRUE,141.11511,11.347,0.142,2,1,53258431.11,F12,BTZ,"141.11511,11.347",0.876804422
TRUE,188.9595,11.382,0.095,2,1,14047777.97,F35,NOT,"188.9595,11.382",TRUE,188.9595,11.382,0.089,2,1,17369414.79,F4,BTZ,"188.9595,11.382",1.236452827
TRUE,131.9376,11.388,0.094,2,1,63369901.49,F39,NOT,"131.9376,11.388",TRUE,131.9376,11.388,0.099,2,1,92017470.09,F4,BTZ,"131.9376,11.388",1.45206901
TRUE,115.94263,11.389,0.094,3,1,504838177,F40,NOT,"115.94263,11.389",TRUE,115.94263,11.389,0.094,3,1,569032285.8,F6,BTZ,"115.94263,11.389",1.127157794
TRUE,117.94082,11.389,0.095,2,1,321580718.8,F37,NOT,"117.94082,11.389",TRUE,117.94082,11.389,0.094,2,1,258444915.9,F6,BTZ,"117.94082,11.389",0.803670434
TRUE,245.17732,11.389,0.087,2,1,24969935.31,F44,NOT,"245.17732,11.389",TRUE,245.17732,11.389,0.104,2,1,17527825.48,F12,BTZ,"245.17732,11.389",0.701957184
TRUE,204.87594,11.39,0.054,2,1,12036826.72,F40,NOT,"204.87594,11.39",TRUE,204.87594,11.39,0.059,2,1,12766493.16,F6,BTZ,"204.87594,11.39",1.060619502
TRUE,243.14638,11.433,0.161,2,1,46343524.48,F45,NOT,"243.14638,11.433",TRUE,243.14638,11.433,0.129,2,1,24777204.76,F11,BTZ,"243.14638,11.433",0.534642219
TRUE,162.06772,11.444,0.105,2,1,103225615.6,F44,NOT,"162.06772,11.444",TRUE,162.06772,11.444,0.107,2,1,101675986.6,F11,BTZ,"162.06772,11.444",0.984987941
TRUE,192.07842,11.487,0.127,2,1,25633824.49,F40,NOT,"192.07842,11.487",TRUE,192.07842,11.487,0.118,2,1,24333662.18,F4,BTZ,"192.07842,11.487",0.949279425
TRUE,561.3355,11.489,0.082,2,1,22977001.87,F36,NOT,"561.3355,11.489",TRUE,561.3355,11.489,0.081,2,1,20802047.47,F5,BTZ,"561.3355,11.489",0.905342115
TRUE,304.15174,11.498,0.098,2,3,186339089.7,F36,NOT,"304.15174,11.498",TRUE,304.15174,11.498,0.079,2,3,136270936.2,F3,BTZ,"304.15174,11.498",0.731306225
TRUE,258.12514,11.552,0.1,2,1,12472232.95,F40,NOT,"258.12514,11.552",TRUE,258.12514,11.552,0.097,2,1,13051603.12,F6,BTZ,"258.12514,11.552",1.046452802
TRUE,369.2357,11.555,0.101,2,1,10887140.38,F38,NOT,"369.2357,11.555",TRUE,369.2357,11.555,0.091,2,1,15815620.38,F3,BTZ,"369.2357,11.555",1.452688202
TRUE,405.34441,11.562,0.121,2,1,45847905.27,F41,NOT,"405.34441,11.562",TRUE,405.34441,11.562,0.131,2,1,34963663.88,F8,BTZ,"405.34441,11.562",0.762601119
TRUE,416.07637,11.572,0.078,3,1,16256551.24,F38,NOT,"416.07637,11.572",TRUE,416.07637,11.572,0.086,2,1,12506433.53,F3,BTZ,"416.07637,11.572",0.769316526
TRUE,337.2459,11.574,0.086,2,1,8463146.057,F37,NOT,"337.2459,11.574",TRUE,337.2459,11.574,0.075,4,1,46604599.17,F3,BTZ,"337.2459,11.574",5.506770042
TRUE,565.41777,11.579,0.16,2,1,13243648.84,F44,NOT,"565.41777,11.579",TRUE,565.41777,11.579,0.133,2,1,12850006.62,F8,BTZ,"565.41777,11.579",0.970276906
TRUE,635.40831,11.59,0.091,2,1,9300555.955,F39,NOT,"635.40831,11.59",TRUE,635.40831,11.59,0.083,2,1,12205778.24,F7,BTZ,"635.40831,11.59",1.312370819
TRUE,609.44451,11.592,0.139,2,1,17356401.01,F37,NOT,"609.44451,11.592",TRUE,609.44451,11.592,0.143,2,1,20544759.5,F4,BTZ,"609.44451,11.592",1.183699287
TRUE,285.15712,11.598,0.188,2,1,97662613.25,F38,NOT,"285.15712,11.598",TRUE,285.15712,11.598,0.201,2,1,91348897.61,F4,BTZ,"285.15712,11.598",0.935351764
TRUE,299.13625,11.602,0.126,2,1,10545177.63,F40,NOT,"299.13625,11.602",TRUE,299.13625,11.602,0.128,2,1,12073275.59,F7,BTZ,"299.13625,11.602",1.144909646
TRUE,299.13625,11.602,0.126,2,1,10545177.63,F40,NOT,"299.13625,11.602",TRUE,299.13625,11.602,0.117,2,1,9205030.812,F6,BTZ,"299.13625,11.602",0.872913775
TRUE,283.1411,11.617,0.1,2,1,14412851.43,F41,NOT,"283.1411,11.617",TRUE,283.1411,11.617,0.089,2,1,11459088.31,F12,BTZ,"283.1411,11.617",0.795060462
TRUE,268.25105,11.618,0.073,2,1,16223391.24,F37,NOT,"268.25105,11.618",TRUE,268.25105,11.618,0.072,2,1,67331339.61,F3,BTZ,"268.25105,11.618",4.150262951
TRUE,354.25115,11.643,0.101,2,1,12606347.67,F40,NOT,"354.25115,11.643",TRUE,354.25115,11.643,0.094,2,1,10317260.66,F6,BTZ,"354.25115,11.643",0.818417906
TRUE,625.47508,11.679,0.12,3,1,55450822.78,F44,NOT,"625.47508,11.679",TRUE,625.47508,11.679,0.115,3,1,62672924.42,F12,BTZ,"625.47508,11.679",1.130243363
TRUE,625.47563,11.68,0.111,3,1,51653822.34,F40,NOT,"625.47563,11.68",TRUE,625.47563,11.68,0.125,3,1,55163621.65,F6,BTZ,"625.47563,11.68",1.067948492
TRUE,669.50121,11.699,0.111,3,1,34141199.13,F45,NOT,"669.50121,11.699",TRUE,669.50121,11.699,0.101,3,1,40536463.7,F12,BTZ,"669.50121,11.699",1.187318101
TRUE,145.02234,11.707,0.132,1,2,46773023.24,F41,NOT,"145.02234,11.707",TRUE,145.02234,11.707,0.16,1,2,43793722.63,F11,BTZ,"145.02234,11.707",0.936303014
TRUE,104.02644,11.718,0.121,2,1,67718857.73,F35,NOT,"104.02644,11.718",TRUE,104.02644,11.718,0.106,2,1,160875603.5,F6,BTZ,"104.02644,11.718",2.37563965
TRUE,713.52703,11.722,0.111,3,1,19367615.34,F45,NOT,"713.52703,11.722",TRUE,713.52703,11.722,0.104,2,1,20202863.47,F12,BTZ,"713.52703,11.722",1.043126018
TRUE,331.1989,11.747,0.079,2,1,67168395.29,F40,NOT,"331.1989,11.747",TRUE,331.1989,11.747,0.086,2,1,53990972.54,F4,BTZ,"331.1989,11.747",0.803815132
TRUE,384.26193,11.779,0.074,2,2,191274175.6,F35,NOT,"384.26193,11.779",TRUE,384.26193,11.779,0.079,4,2,164609214.6,F5,BTZ,"384.26193,11.779",0.86059299
TRUE,481.28737,11.805,0.078,2,1,16707149.5,F41,NOT,"481.28737,11.805",TRUE,481.28737,11.805,0.076,3,1,67507044.3,F13,BTZ,"481.28737,11.805",4.040608142
TRUE,398.27727,11.813,0.127,2,1,36885138.98,F40,NOT,"398.27727,11.813",TRUE,398.27727,11.813,0.121,2,1,48271073.37,F7,BTZ,"398.27727,11.813",1.308686227
TRUE,158.05777,11.851,0.107,2,1,26685726.48,F40,NOT,"158.05777,11.851",TRUE,158.05777,11.851,0.097,2,1,22365827.7,F6,BTZ,"158.05777,11.851",0.838119499
TRUE,158.05777,11.851,0.115,2,1,21073670.18,F37,NOT,"158.05777,11.851",TRUE,158.05777,11.851,0.097,2,1,22365827.7,F6,BTZ,"158.05777,11.851",1.061316207
TRUE,424.26649,11.879,0.08,3,2,77812985.96,F37,NOT,"424.26649,11.879",TRUE,424.26649,11.879,0.078,3,2,460740360.8,F4,BTZ,"424.26649,11.879",5.921124284
TRUE,300.03367,12.097,0.076,4,3,136347948.7,F37,NOT,"300.03367,12.097",TRUE,300.03367,12.097,0.076,4,1,99822608.5,F11,BTZ,"300.03367,12.097",0.732116687
TRUE,225.17238,12.116,0.079,2,1,38123746.66,F39,NOT,"225.17238,12.116",TRUE,225.17238,12.116,0.077,2,1,72668191.3,F7,BTZ,"225.17238,12.116",1.906113582
TRUE,267.14686,12.165,0.127,3,5,258866202.4,F35,NOT,"267.14686,12.165",TRUE,267.14686,12.165,0.167,2,1,138136245.1,F11,BTZ,"267.14686,12.165",0.53362024
TRUE,336.18965,12.197,0.079,2,1,27272295.48,F42,NOT,"336.18965,12.197",TRUE,336.18965,12.197,0.09,2,1,20328777.66,F11,BTZ,"336.18965,12.197",0.745400316
TRUE,154.06273,12.268,0.099,2,1,77659173.39,F39,NOT,"154.06273,12.268",TRUE,154.06273,12.268,0.099,3,1,63315205.64,F6,BTZ,"154.06273,12.268",0.8152959
TRUE,281.19847,12.269,0.083,2,1,81776980.47,F42,NOT,"281.19847,12.269",TRUE,281.19847,12.269,0.107,2,1,20099022.24,F7,BTZ,"281.19847,12.269",0.245778483
TRUE,514.36113,12.289,0.147,3,1,87191145.7,F40,NOT,"514.36113,12.289",TRUE,514.36113,12.289,0.149,3,1,69138436.18,F6,BTZ,"514.36113,12.289",0.792952491
TRUE,452.36025,12.326,0.129,3,1,145874420.1,F44,NOT,"452.36025,12.326",TRUE,452.36025,12.326,0.122,3,1,95493016.43,F12,BTZ,"452.36025,12.326",0.654624823
TRUE,422.31362,12.353,0.085,3,1,166650226.2,F40,NOT,"422.31362,12.353",TRUE,422.31362,12.353,0.106,3,1,167443308.8,F7,BTZ,"422.31362,12.353",1.004758965
TRUE,422.31334,12.356,0.088,3,1,135478533.7,F41,NOT,"422.31334,12.356",TRUE,422.31334,12.356,0.084,2,1,79189388.61,F8,BTZ,"422.31334,12.356",0.584516133
TRUE,170.05772,12.361,0.077,2,2,56272658.12,F39,NOT,"170.05772,12.361",TRUE,170.05772,12.361,0.069,2,2,44699395.35,F6,BTZ,"170.05772,12.361",0.79433595
TRUE,383.05495,12.361,0.07,3,1,20858513,F40,NOT,"383.05495,12.361",TRUE,383.05495,12.361,0.067,2,1,14492742.98,F4,BTZ,"383.05495,12.361",0.694811897
TRUE,258.11046,12.382,0.149,2,1,36811246.57,F37,NOT,"258.11046,12.382",TRUE,258.11046,12.382,0.139,2,1,107395424.7,F4,BTZ,"258.11046,12.382",2.917462317
TRUE,207.08901,12.417,0.081,2,1,41488517.15,F44,NOT,"207.08901,12.417",TRUE,207.08901,12.417,0.094,2,1,35461734.91,F11,BTZ,"207.08901,12.417",0.854736138
TRUE,268.17821,12.44,0.107,2,1,12579249.05,F35,NOT,"268.17821,12.44",TRUE,268.17821,12.44,0.123,2,1,11201225.54,F4,BTZ,"268.17821,12.44",0.890452641
TRUE,216.13586,12.449,0.077,3,3,220141916.2,F40,NOT,"216.13586,12.449",TRUE,216.13586,12.449,0.079,3,4,204434903.6,F5,BTZ,"216.13586,12.449",0.928650514
TRUE,534.15073,12.475,0.073,2,1,15778446.81,F43,NOT,"534.15073,12.475",TRUE,534.15073,12.475,0.07,2,1,29576926.92,F13,BTZ,"534.15073,12.475",1.874514474
TRUE,180.042,12.479,0.077,3,2,195799933.8,F39,NOT,"180.042,12.479",TRUE,180.042,12.479,0.078,3,2,178713050.6,F6,BTZ,"180.042,12.479",0.912732947
TRUE,453.35585,12.487,0.091,2,1,17042754.8,F39,NOT,"453.35585,12.487",TRUE,453.35585,12.487,0.079,2,1,12516275.33,F6,BTZ,"453.35585,12.487",0.734404471
TRUE,256.04918,12.511,0.105,2,1,16730165.61,F44,NOT,"256.04918,12.511",TRUE,256.04918,12.511,0.102,2,1,11421642.46,F11,BTZ,"256.04918,12.511",0.682697513
TRUE,443.33641,12.518,0.126,2,1,26678104.12,F38,NOT,"443.33641,12.518",TRUE,443.33641,12.518,0.125,2,1,16856335.99,F6,BTZ,"443.33641,12.518",0.6318416
TRUE,335.22117,12.625,0.11,2,1,61914559.64,F39,NOT,"335.22117,12.625",TRUE,335.22117,12.625,0.115,2,1,83245973.19,F7,BTZ,"335.22117,12.625",1.344529844
TRUE,226.15655,12.629,0.101,2,1,26544394.08,F45,NOT,"226.15655,12.629",TRUE,226.15655,12.629,0.105,2,1,20252958.16,F11,BTZ,"226.15655,12.629",0.762984384
TRUE,543.12761,12.632,0.078,3,1,74999727.63,F35,NOT,"543.12761,12.632",TRUE,543.12761,12.632,0.084,3,1,125872553.5,F3,BTZ,"543.12761,12.632",1.678306808
TRUE,351.16368,12.638,0.071,3,1,9321360.432,F41,NOT,"351.16368,12.638",TRUE,351.16368,12.638,0.065,3,1,5709085.399,F11,BTZ,"351.16368,12.638",0.612473409
TRUE,243.18331,12.64,0.082,3,4,1781149671,F37,NOT,"243.18331,12.64",TRUE,243.18331,12.64,0.076,4,4,1570730553,F5,BTZ,"243.18331,12.64",0.881863315
TRUE,172.07326,12.643,0.085,2,3,121684242.7,F39,NOT,"172.07326,12.643",TRUE,172.07326,12.643,0.079,2,3,146383078.2,F6,BTZ,"172.07326,12.643",1.202974806
TRUE,343.12446,12.658,0.1,3,1,32853200.66,F38,NOT,"343.12446,12.658",TRUE,343.12446,12.658,0.106,3,1,22260275.96,F6,BTZ,"343.12446,12.658",0.677567954
TRUE,366.12712,12.663,0.113,3,1,35357355.61,F41,NOT,"366.12712,12.663",TRUE,366.12712,12.663,0.125,3,1,21029923.19,F8,BTZ,"366.12712,12.663",0.594782127
TRUE,150.0673,12.664,0.074,2,1,54492570.26,F39,NOT,"150.0673,12.664",TRUE,150.0673,12.664,0.051,2,1,18440970.52,F3,BTZ,"150.0673,12.664",0.338412566
TRUE,321.14262,12.668,0.073,2,1,19461869.7,F36,NOT,"321.14262,12.668",TRUE,321.14262,12.668,0.091,2,1,13968245.58,F6,BTZ,"321.14262,12.668",0.717723723
TRUE,156.07848,12.688,0.1,2,2,241970722.1,F40,NOT,"156.07848,12.688",TRUE,156.07848,12.688,0.108,1,2,202274585.1,F7,BTZ,"156.07848,12.688",0.835946528
TRUE,402.0952,12.692,0.082,2,1,36788163.99,F42,NOT,"402.0952,12.692",TRUE,402.0952,12.692,0.075,3,1,24183059.2,F8,BTZ,"402.0952,12.692",0.657359775
TRUE,305.27104,12.76,0.091,2,1,15009544.16,F40,NOT,"305.27104,12.76",TRUE,305.27104,12.76,0.084,2,1,13806084.22,F8,BTZ,"305.27104,12.76",0.919820354
TRUE,198.12521,12.762,0.194,2,1,51614317.34,F35,NOT,"198.12521,12.762",TRUE,198.12521,12.762,0.188,2,1,53276473.15,F8,BTZ,"198.12521,12.762",1.032203386
TRUE,300.19383,12.817,0.08,2,1,17065699.51,F40,NOT,"300.19383,12.817",TRUE,300.19383,12.817,0.084,2,1,17160185.36,F7,BTZ,"300.19383,12.817",1.005536594
TRUE,359.99971,12.856,0.087,3,1,11065705.84,F40,NOT,"359.99971,12.856",TRUE,359.99971,12.856,0.077,3,1,10911227.09,F4,BTZ,"359.99971,12.856",0.986039865
TRUE,359.99986,12.857,0.076,3,1,16962909.49,F38,NOT,"359.99986,12.857",TRUE,359.99986,12.857,0.066,2,1,6397251.671,F3,BTZ,"359.99986,12.857",0.377131746
TRUE,299.17262,12.877,0.135,2,1,16352367.51,F40,NOT,"299.17262,12.877",TRUE,299.17262,12.877,0.124,3,1,15886958.05,F7,BTZ,"299.17262,12.877",0.971538711
TRUE,194.14162,12.901,0.065,2,1,18623773,F39,NOT,"194.14162,12.901",TRUE,194.14162,12.901,0.054,2,1,10357875.52,F6,BTZ,"194.14162,12.901",0.556164184
TRUE,465.13249,12.951,0.06,3,1,119499503.6,F36,NOT,"465.13249,12.951",TRUE,465.13249,12.951,0.05,3,1,58368917.31,F3,BTZ,"465.13249,12.951",0.488444852
TRUE,158.09357,12.955,0.086,2,1,18653405.49,F39,NOT,"158.09357,12.955",TRUE,158.09357,12.955,0.082,2,1,17619573.79,F3,BTZ,"158.09357,12.955",0.944576785
TRUE,206.09392,12.956,0.086,2,1,19318315.28,F38,NOT,"206.09392,12.956",TRUE,206.09392,12.956,0.095,2,1,14394223.48,F6,BTZ,"206.09392,12.956",0.745107597
TRUE,313.03719,12.957,0.087,2,1,41058780.36,F40,NOT,"313.03719,12.957",TRUE,313.03719,12.957,0.089,3,1,39016600.22,F7,BTZ,"313.03719,12.957",0.950262036
TRUE,283.03813,12.958,0.12,2,1,26401815.12,F38,NOT,"283.03813,12.958",TRUE,283.03813,12.958,0.094,3,1,31868534.81,F7,BTZ,"283.03813,12.958",1.207058479
TRUE,646.45656,12.987,0.043,2,1,14220307.43,F35,NOT,"646.45656,12.987",TRUE,646.45656,12.987,0.056,2,1,9251598.385,F5,BTZ,"646.45656,12.987",0.650590603
TRUE,188.14064,13.006,0.113,2,1,20657017.23,F45,NOT,"188.14064,13.006",TRUE,188.14064,13.006,0.1,2,1,36125219.27,F11,BTZ,"188.14064,13.006",1.748811015
TRUE,200.14087,13.035,0.101,2,2,66277503.18,F37,NOT,"200.14087,13.035",TRUE,200.14087,13.035,0.113,2,2,21963582.31,F7,BTZ,"200.14087,13.035",0.331388197
TRUE,216.13584,13.094,0.09,2,1,7587033.305,F38,NOT,"216.13584,13.094",TRUE,216.13584,13.094,0.084,2,1,7867401.247,F3,BTZ,"216.13584,13.094",1.036953567
TRUE,183.0893,13.096,0.12,2,1,8949091.89,F40,NOT,"183.0893,13.096",TRUE,183.0893,13.096,0.122,2,1,10327628.04,F4,BTZ,"183.0893,13.096",1.154042015
TRUE,584.32945,13.15,0.093,3,1,38658711.03,F41,NOT,"584.32945,13.15",TRUE,584.32945,13.15,0.094,3,1,34177338.14,F13,BTZ,"584.32945,13.15",0.884078575
TRUE,227.18811,13.223,0.094,3,6,3033207834,F40,NOT,"227.18811,13.223",TRUE,227.18811,13.223,0.096,3,6,3132081469,F6,BTZ,"227.18811,13.223",1.032597052
TRUE,393.29845,13.224,0.078,2,1,22202872.96,F39,NOT,"393.29845,13.224",TRUE,393.29845,13.224,0.081,2,1,21947793.21,F7,BTZ,"393.29845,13.224",0.988511408
TRUE,422.31398,13.224,0.098,2,1,13958656.11,F38,NOT,"422.31398,13.224",TRUE,422.31398,13.224,0.104,2,1,9416189.619,F4,BTZ,"422.31398,13.224",0.67457709
TRUE,227.18825,13.225,0.09,3,6,3214033912,F36,NOT,"227.18825,13.225",TRUE,227.18825,13.225,0.094,4,6,2462897852,F5,BTZ,"227.18825,13.225",0.766294918
TRUE,407.10231,13.243,0.092,3,1,8975540.812,F35,NOT,"407.10231,13.243",TRUE,407.10231,13.243,0.09,3,1,13452195.07,F4,BTZ,"407.10231,13.243",1.498761507
TRUE,220.07303,13.247,0.094,2,2,49705707.45,F45,NOT,"220.07303,13.247",TRUE,220.07303,13.247,0.082,2,2,42950044.02,F11,BTZ,"220.07303,13.247",0.864086766
TRUE,240.1145,13.247,0.071,2,1,37303036.4,F36,NOT,"240.1145,13.247",TRUE,240.1145,13.247,0.081,2,1,19235786.12,F4,BTZ,"240.1145,13.247",0.515662744
TRUE,339.25514,13.259,0.082,2,1,22134780.42,F45,NOT,"339.25514,13.259",TRUE,339.25514,13.259,0.071,2,1,16030895.49,F11,BTZ,"339.25514,13.259",0.724240096
TRUE,339.25514,13.259,0.078,2,1,9190195.081,F43,NOT,"339.25514,13.259",TRUE,339.25514,13.259,0.071,2,1,16030895.49,F11,BTZ,"339.25514,13.259",1.744347682
TRUE,240.06694,13.319,0.044,3,2,53124680.06,F40,NOT,"240.06694,13.319",TRUE,240.06694,13.319,0.075,3,2,81980109.11,F5,BTZ,"240.06694,13.319",1.543164289
TRUE,712.30363,13.371,0.084,4,3,136022595.2,F43,NOT,"712.30363,13.371",TRUE,712.30363,13.371,0.081,4,3,219626225.3,F12,BTZ,"712.30363,13.371",1.614630459
TRUE,430.35565,13.39,0.077,3,2,60428492.87,F36,NOT,"430.35565,13.39",TRUE,430.35565,13.39,0.08,3,2,42354683.36,F6,BTZ,"430.35565,13.39",0.700905837
TRUE,176.15631,13.397,0.074,2,1,9121234.872,F37,NOT,"176.15631,13.397",TRUE,176.15631,13.397,0.084,2,1,13744361.85,F4,BTZ,"176.15631,13.397",1.506853189
TRUE,176.15608,13.399,0.078,2,1,10801855.19,F45,NOT,"176.15608,13.399",TRUE,176.15608,13.399,0.078,2,1,9218119.336,F12,BTZ,"176.15608,13.399",0.853382977
TRUE,204.1146,13.427,0.075,2,1,29645508.44,F45,NOT,"204.1146,13.427",TRUE,204.1146,13.427,0.057,2,1,24564516.69,F8,BTZ,"204.1146,13.427",0.828608379
TRUE,204.11472,13.427,0.065,2,1,25505559.91,F39,NOT,"204.11472,13.427",TRUE,204.11472,13.427,0.069,2,1,29645861.01,F7,BTZ,"204.11472,13.427",1.162329355
TRUE,171.16211,13.465,0.093,2,1,9182467.632,F37,NOT,"171.16211,13.465",TRUE,171.16211,13.465,0.073,2,1,9701891.916,F5,BTZ,"171.16211,13.465",1.056566961
TRUE,367.19963,13.476,0.048,5,1,41054802.82,F39,NOT,"367.19963,13.476",TRUE,367.19963,13.476,0.093,3,1,70744904.5,F8,BTZ,"367.19963,13.476",1.723182177
TRUE,338.22008,13.562,0.11,2,1,54582604.58,F36,NOT,"338.22008,13.562",TRUE,338.22008,13.562,0.113,2,1,30234228.5,F6,BTZ,"338.22008,13.562",0.553916925
TRUE,232.16709,13.583,0.087,2,2,94843585.79,F45,NOT,"232.16709,13.583",TRUE,232.16709,13.583,0.095,3,2,128061812.7,F8,BTZ,"232.16709,13.583",1.350242208
TRUE,324.19411,13.599,0.101,2,1,11004933.64,F36,NOT,"324.19411,13.599",TRUE,324.19411,13.599,0.11,2,1,14390410,F4,BTZ,"324.19411,13.599",1.307632601
TRUE,508.42281,13.603,0.104,3,1,149139519.7,F44,NOT,"508.42281,13.603",TRUE,508.42281,13.603,0.1,3,1,88104773.04,F13,BTZ,"508.42281,13.603",0.590754035
TRUE,214.06273,13.606,0.064,2,1,20421806.39,F38,NOT,"214.06273,13.606",TRUE,214.06273,13.606,0.061,2,1,18111341.73,F4,BTZ,"214.06273,13.606",0.886862865
TRUE,188.08353,13.608,0.098,3,2,270008888.2,F36,NOT,"188.08353,13.608",TRUE,188.08353,13.608,0.095,3,2,195107262.3,F4,BTZ,"188.08353,13.608",0.722595703
TRUE,242.12998,13.611,0.087,2,1,12598299.91,F44,NOT,"242.12998,13.611",TRUE,242.12998,13.611,0.115,2,1,13958825.16,F13,BTZ,"242.12998,13.611",1.107992766
TRUE,142.07813,13.612,0.124,2,1,43732611.41,F40,NOT,"142.07813,13.612",TRUE,142.07813,13.612,0.105,2,1,60281233.24,F3,BTZ,"142.07813,13.612",1.378404611
TRUE,301.04918,13.616,0.103,3,1,38304425.02,F45,NOT,"301.04918,13.616",TRUE,301.04918,13.616,0.11,3,1,47219716.05,F8,BTZ,"301.04918,13.616",1.232748332
TRUE,567.42424,13.621,0.069,2,1,12708681.6,F35,NOT,"567.42424,13.621",TRUE,567.42424,13.621,0.107,3,1,23486769.87,F5,BTZ,"567.42424,13.621",1.848088622
TRUE,714.38344,13.624,0.065,2,1,7820666.632,F44,NOT,"714.38344,13.624",TRUE,714.38344,13.624,0.06,2,1,13269962.7,F11,BTZ,"714.38344,13.624",1.696781531
TRUE,340.18876,13.625,0.188,2,1,93674481.29,F38,NOT,"340.18876,13.625",TRUE,340.18876,13.625,0.166,2,1,43054595.13,F4,BTZ,"340.18876,13.625",0.459619253
TRUE,567.42375,13.625,0.067,3,1,78309192.79,F39,NOT,"567.42375,13.625",TRUE,567.42375,13.625,0.075,3,1,74881004.18,F8,BTZ,"567.42375,13.625",0.956222399
TRUE,348.20876,13.626,0.055,2,1,9397225.922,F37,NOT,"348.20876,13.626",TRUE,348.20876,13.626,0.068,4,1,37866381,F3,BTZ,"348.20876,13.626",4.029527577
TRUE,212.10219,13.627,0.067,2,1,12220670.85,F37,NOT,"212.10219,13.627",TRUE,212.10219,13.627,0.078,2,1,32375254.33,F4,BTZ,"212.10219,13.627",2.649220712
TRUE,247.12023,13.635,0.089,2,1,14416841.56,F38,NOT,"247.12023,13.635",TRUE,247.12023,13.635,0.096,2,1,18194959.46,F7,BTZ,"247.12023,13.635",1.262062802
TRUE,237.09943,13.644,0.069,2,1,54038809.93,F45,NOT,"237.09943,13.644",TRUE,237.09943,13.644,0.068,2,1,67539903.29,F11,BTZ,"237.09943,13.644",1.249840686
TRUE,218.13045,13.651,0.073,2,1,249682838.2,F36,NOT,"218.13045,13.651",TRUE,218.13045,13.651,0.067,2,1,193741091.7,F3,BTZ,"218.13045,13.651",0.775948772
TRUE,186.05226,13.688,0.075,2,1,28896325.07,F44,NOT,"186.05226,13.688",TRUE,186.05226,13.688,0.084,2,1,26161159.31,F8,BTZ,"186.05226,13.688",0.90534555
TRUE,438.22551,13.691,0.112,2,1,20449822.84,F41,NOT,"438.22551,13.691",TRUE,438.22551,13.691,0.108,2,1,15132424.88,F12,BTZ,"438.22551,13.691",0.739978287
TRUE,168.15124,13.696,0.062,2,2,34550882.44,F36,NOT,"168.15124,13.696",TRUE,168.15124,13.696,0.065,2,3,61937460.5,F3,BTZ,"168.15124,13.696",1.792644822
TRUE,178.0989,13.715,0.089,3,2,204433827.2,F45,NOT,"178.0989,13.715",TRUE,178.0989,13.715,0.072,3,2,272585528.1,F13,BTZ,"178.0989,13.715",1.333368023
TRUE,240.06301,13.734,0.084,2,2,99033022.29,F39,NOT,"240.06301,13.734",TRUE,240.06301,13.734,0.088,2,1,46619893.77,F8,BTZ,"240.06301,13.734",0.470750995
TRUE,432.17351,13.734,0.073,2,1,13070697.79,F36,NOT,"432.17351,13.734",TRUE,432.17351,13.734,0.083,2,1,12468874.53,F3,BTZ,"432.17351,13.734",0.953956302
TRUE,310.17811,13.78,0.066,3,1,209293023.5,F41,NOT,"310.17811,13.78",TRUE,310.17811,13.78,0.062,2,1,146657120.9,F11,BTZ,"310.17811,13.78",0.700726276
TRUE,310.17808,13.78,0.065,2,1,125951454.9,F45,NOT,"310.17808,13.78",TRUE,310.17808,13.78,0.068,2,2,126974667.3,F8,BTZ,"310.17808,13.78",1.008123863
TRUE,302.13057,13.781,0.061,3,1,13747608.47,F37,NOT,"302.13057,13.781",TRUE,302.13057,13.781,0.06,3,1,30887285.92,F4,BTZ,"302.13057,13.781",2.246738841
TRUE,278.18828,13.783,0.059,3,1,228099708.1,F44,NOT,"278.18828,13.783",TRUE,278.18828,13.783,0.062,3,1,157728560.4,F5,BTZ,"278.18828,13.783",0.691489532
TRUE,329.28194,13.785,0.055,2,1,110643072.3,F44,NOT,"329.28194,13.785",TRUE,329.28194,13.785,0.055,2,1,175890153.8,F11,BTZ,"329.28194,13.785",1.589707789
TRUE,281.03453,13.785,0.063,3,1,51223005.35,F39,NOT,"281.03453,13.785",TRUE,281.03453,13.785,0.073,3,1,121729397.5,F3,BTZ,"281.03453,13.785",2.376459496
TRUE,287.20879,13.786,0.1,2,1,36877899.04,F42,NOT,"287.20879,13.786",TRUE,287.20879,13.786,0.085,2,1,263549966.4,F13,BTZ,"287.20879,13.786",7.146555885
TRUE,353.07991,13.787,0.068,3,1,52970464.3,F36,NOT,"353.07991,13.787",TRUE,353.07991,13.787,0.057,3,1,21265192.96,F5,BTZ,"353.07991,13.787",0.401453777
TRUE,312.19267,13.788,0.075,3,3,454236874.8,F41,NOT,"312.19267,13.788",TRUE,312.19267,13.788,0.077,3,3,175477138.3,F12,BTZ,"312.19267,13.788",0.386311962
TRUE,522.24863,13.788,0.049,2,1,27379112.85,F44,NOT,"522.24863,13.788",TRUE,522.24863,13.788,0.05,2,1,43841542.99,F11,BTZ,"522.24863,13.788",1.601276975
TRUE,150.06771,13.79,0.059,3,1,2165671044,F44,NOT,"150.06771,13.79",TRUE,150.06771,13.79,0.064,3,2,2802877016,F11,BTZ,"150.06771,13.79",1.294230268
TRUE,140.08335,13.79,0.059,3,1,785704471.9,F44,NOT,"140.08335,13.79",TRUE,140.08335,13.79,0.065,3,1,984605050.7,F11,BTZ,"140.08335,13.79",1.253149353
TRUE,120.09393,13.797,0.14,2,1,69332166.13,F39,NOT,"120.09393,13.797",TRUE,120.09393,13.797,0.185,2,1,100026396.6,F6,BTZ,"120.09393,13.797",1.4427127
TRUE,295.17851,13.8,0.093,4,3,1126745216,F41,NOT,"295.17851,13.8",TRUE,295.17851,13.8,0.092,4,3,1473493821,F11,BTZ,"295.17851,13.8",1.307743579
TRUE,132.09377,13.8,0.114,2,1,85908887.62,F42,NOT,"132.09377,13.8",TRUE,132.09377,13.8,0.118,2,1,46448779.56,F7,BTZ,"132.09377,13.8",0.540674904
TRUE,175.09928,13.801,0.092,2,2,57601002.33,F44,NOT,"175.09928,13.801",TRUE,175.09928,13.801,0.099,2,1,26471769.53,F13,BTZ,"175.09928,13.801",0.459571335
TRUE,221.10479,13.802,0.097,1,2,204320017.7,F38,NOT,"221.10479,13.802",TRUE,221.10479,13.802,0.087,2,2,199458698.1,F7,BTZ,"221.10479,13.802",0.976207326
TRUE,175.09952,13.802,0.098,2,1,54991892.4,F39,NOT,"175.09952,13.802",TRUE,175.09952,13.802,0.098,2,1,45874201.63,F4,BTZ,"175.09952,13.802",0.834199363
TRUE,363.16621,13.802,0.098,2,1,26967844.35,F38,NOT,"363.16621,13.802",TRUE,363.16621,13.802,0.092,2,1,19731893.32,F5,BTZ,"363.16621,13.802",0.731682261
TRUE,168.15079,13.825,0.062,2,1,46567779.89,F38,NOT,"168.15079,13.825",TRUE,168.15079,13.825,0.059,2,1,39301186.01,F5,BTZ,"168.15079,13.825",0.843956618
TRUE,166.13561,13.828,0.077,2,1,55098748.31,F39,NOT,"166.13561,13.828",TRUE,166.13561,13.828,0.076,2,2,98624365.3,F6,BTZ,"166.13561,13.828",1.789956548
TRUE,373.22133,13.841,0.058,3,1,31223538.47,F41,NOT,"373.22133,13.841",TRUE,373.22133,13.841,0.07,2,1,16457981.35,F12,BTZ,"373.22133,13.841",0.527101737
TRUE,329.18312,13.842,0.107,2,1,61820131.16,F40,NOT,"329.18312,13.842",TRUE,329.18312,13.842,0.108,2,1,43717377.08,F6,BTZ,"329.18312,13.842",0.707170565
TRUE,180.1146,13.847,0.048,2,1,20837182.23,F43,NOT,"180.1146,13.847",TRUE,180.1146,13.847,0.072,2,1,51007673.78,F13,BTZ,"180.1146,13.847",2.447916096
TRUE,929.32102,13.85,0.075,4,1,36287048.79,F38,NOT,"929.32102,13.85",TRUE,929.32102,13.85,0.065,4,1,63068287.95,F7,BTZ,"929.32102,13.85",1.738038503
TRUE,630.28757,13.852,0.05,3,1,12779663.65,F36,NOT,"630.28757,13.852",TRUE,630.28757,13.852,0.061,2,1,8780638.19,F4,BTZ,"630.28757,13.852",0.687078974
TRUE,180.11478,13.855,0.056,2,1,37032633.77,F40,NOT,"180.11478,13.855",TRUE,180.11478,13.855,0.065,2,1,52033763.54,F6,BTZ,"180.11478,13.855",1.405078663
TRUE,463.30498,13.891,0.069,2,1,16459791.92,F45,NOT,"463.30498,13.891",TRUE,463.30498,13.891,0.079,2,1,16264621.03,F8,BTZ,"463.30498,13.891",0.988142566
TRUE,246.1831,13.892,0.064,2,1,21124107.84,F38,NOT,"246.1831,13.892",TRUE,246.1831,13.892,0.067,2,1,22054521.77,F5,BTZ,"246.1831,13.892",1.044045123
TRUE,208.18213,13.903,0.094,2,2,98821653.89,F43,NOT,"208.18213,13.903",TRUE,208.18213,13.903,0.096,2,2,93115701.79,F11,BTZ,"208.18213,13.903",0.942260103
TRUE,172.03704,13.932,0.055,1,2,36595663.54,F36,NOT,"172.03704,13.932",TRUE,172.03704,13.932,0.065,2,2,28274976.91,F3,BTZ,"172.03704,13.932",0.772631896
TRUE,195.08914,13.951,0.057,2,1,277776707.7,F38,NOT,"195.08914,13.951",TRUE,195.08914,13.951,0.054,2,1,256963654.4,F5,BTZ,"195.08914,13.951",0.925072719
TRUE,374.05281,13.956,0.125,3,1,12765380.03,F35,NOT,"374.05281,13.956",TRUE,374.05281,13.956,0.121,2,1,10371293.24,F5,BTZ,"374.05281,13.956",0.812454719
TRUE,122.10936,13.964,0.062,1,2,28666507.86,F43,NOT,"122.10936,13.964",TRUE,122.10936,13.964,0.073,2,1,41459867.2,F12,BTZ,"122.10936,13.964",1.446282449
TRUE,256.20387,13.965,0.08,2,1,27083194.6,F35,NOT,"256.20387,13.965",TRUE,256.20387,13.965,0.087,2,1,45093730.6,F5,BTZ,"256.20387,13.965",1.665007813
TRUE,301.15194,13.969,0.05,2,3,372930973.8,F39,NOT,"301.15194,13.969",TRUE,301.15194,13.969,0.052,2,3,314250348.9,F6,BTZ,"301.15194,13.969",0.842650171
TRUE,106.04209,13.97,0.057,2,1,170364664.6,F36,NOT,"106.04209,13.97",TRUE,106.04209,13.97,0.06,2,1,140550881.4,F3,BTZ,"106.04209,13.97",0.825000194
TRUE,271.0865,13.978,0.058,2,1,38208728.58,F38,NOT,"271.0865,13.978",TRUE,271.0865,13.978,0.057,2,1,38998556.72,F7,BTZ,"271.0865,13.978",1.020671406
TRUE,162.03127,13.994,0.057,2,1,58576393.36,F45,NOT,"162.03127,13.994",TRUE,162.03127,13.994,0.054,2,1,56396062.19,F11,BTZ,"162.03127,13.994",0.962777989
TRUE,1097.52463,13.996,0.065,3,1,26114919.35,F38,NOT,"1097.52463,13.996",TRUE,1097.52463,13.996,0.062,2,1,17553780.28,F4,BTZ,"1097.52463,13.996",0.672174401
TRUE,238.08367,14.012,0.116,2,1,232517491.1,F39,NOT,"238.08367,14.012",TRUE,238.08367,14.012,0.101,2,1,207174713.4,F6,BTZ,"238.08367,14.012",0.891007005
TRUE,104.06281,14.013,0.093,2,1,173191557.7,F40,NOT,"104.06281,14.013",TRUE,104.06281,14.013,0.086,2,1,207239634.6,F6,BTZ,"104.06281,14.013",1.196592013
TRUE,242.11519,14.015,0.057,2,2,279775413.4,F35,NOT,"242.11519,14.015",TRUE,242.11519,14.015,0.056,3,2,422634546.1,F5,BTZ,"242.11519,14.015",1.510620755
TRUE,254.15136,14.016,0.054,3,5,3810509188,F40,NOT,"254.15136,14.016",TRUE,254.15136,14.016,0.057,3,7,5955590293,F4,BTZ,"254.15136,14.016",1.562938179
TRUE,124.08897,14.016,0.056,2,2,618103375.5,F40,NOT,"124.08897,14.016",TRUE,124.08897,14.016,0.057,3,2,956957292.7,F4,BTZ,"124.08897,14.016",1.548215607
TRUE,180.07841,14.017,0.055,3,3,1541422415,F40,NOT,"180.07841,14.017",TRUE,180.07841,14.017,0.056,3,3,2005864165,F6,BTZ,"180.07841,14.017",1.301307251
TRUE,110.03668,14.017,0.058,2,2,133918613,F43,NOT,"110.03668,14.017",TRUE,110.03668,14.017,0.055,2,2,86081102.03,F13,BTZ,"110.03668,14.017",0.64278669
TRUE,124.05143,14.017,0.064,2,1,124498784.2,F42,NOT,"124.05143,14.017",TRUE,124.05143,14.017,0.062,2,1,56693198.45,F8,BTZ,"124.05143,14.017",0.455371503
TRUE,424.16951,14.018,0.074,3,1,21916471.18,F40,NOT,"424.16951,14.018",TRUE,424.16951,14.018,0.071,2,1,15085217.08,F5,BTZ,"424.16951,14.018",0.688305018
TRUE,475.12758,14.018,0.065,3,1,16697891.43,F40,NOT,"475.12758,14.018",TRUE,475.12758,14.018,0.064,2,1,10701381.65,F5,BTZ,"475.12758,14.018",0.640882215
TRUE,314.17196,14.041,0.075,2,2,80227738.83,F43,NOT,"314.17196,14.041",TRUE,314.17196,14.041,0.069,2,3,104508184.5,F12,BTZ,"314.17196,14.041",1.302644023
TRUE,240.09962,14.042,0.058,2,1,234653698.4,F42,NOT,"240.09962,14.042",TRUE,240.09962,14.042,0.056,2,1,98923575.97,F8,BTZ,"240.09962,14.042",0.421572627
TRUE,314.17292,14.046,0.067,2,4,745247483.9,F38,NOT,"314.17292,14.046",TRUE,314.17292,14.046,0.071,2,5,431490906.9,F5,BTZ,"314.17292,14.046",0.578990089
TRUE,196.10942,14.05,0.062,2,1,113230136.3,F42,NOT,"196.10942,14.05",TRUE,196.10942,14.05,0.061,2,1,62996338.97,F11,BTZ,"196.10942,14.05",0.556356647
TRUE,196.1094,14.052,0.061,2,1,55886373.46,F45,NOT,"196.1094,14.052",TRUE,196.1094,14.052,0.061,2,1,47370249.38,F8,BTZ,"196.1094,14.052",0.847617164
TRUE,270.18315,14.054,0.057,2,1,106262464.9,F42,NOT,"270.18315,14.054",TRUE,270.18315,14.054,0.06,2,1,69272959.43,F11,BTZ,"270.18315,14.054",0.651904315
TRUE,283.17839,14.054,0.073,2,1,24620091.64,F45,NOT,"283.17839,14.054",TRUE,283.17839,14.054,0.083,2,1,24248242.9,F8,BTZ,"283.17839,14.054",0.984896533
TRUE,270.18315,14.055,0.062,2,1,61194187.15,F45,NOT,"270.18315,14.055",TRUE,270.18315,14.055,0.059,2,1,52337351.22,F8,BTZ,"270.18315,14.055",0.855266712
TRUE,148.05232,14.067,0.053,3,1,7186351447,F38,NOT,"148.05232,14.067",TRUE,148.05232,14.067,0.056,3,1,8972148856,F6,BTZ,"148.05232,14.067",1.24849848
TRUE,184.07338,14.092,0.129,2,1,52284857.4,F36,NOT,"184.07338,14.092",TRUE,184.07338,14.092,0.132,2,1,30653910.33,F5,BTZ,"184.07338,14.092",0.586286582
TRUE,174.10407,14.113,0.122,2,3,88529614.1,F45,NOT,"174.10407,14.113",TRUE,174.10407,14.113,0.092,1,2,26321623.03,F13,BTZ,"174.10407,14.113",0.297319979
TRUE,124.0524,14.117,0.066,2,2,654144356.3,F43,NOT,"124.0524,14.117",TRUE,124.0524,14.117,0.062,2,2,331757694.4,F12,BTZ,"124.0524,14.117",0.507162817
TRUE,441.12107,14.12,0.073,1,2,20990481.17,F40,NOT,"441.12107,14.12",TRUE,441.12107,14.12,0.066,1,2,21325331.31,F6,BTZ,"441.12107,14.12",1.015952476
TRUE,278.18825,14.122,0.054,2,1,73920190.99,F44,NOT,"278.18825,14.122",TRUE,278.18825,14.122,0.054,2,1,71889715.38,F7,BTZ,"278.18825,14.122",0.972531516
TRUE,378.18919,14.129,0.057,2,1,11323635.43,F41,NOT,"378.18919,14.129",TRUE,378.18919,14.129,0.059,2,1,14742861.51,F7,BTZ,"378.18919,14.129",1.301954801
TRUE,346.16286,14.13,0.055,2,2,14981157.12,F44,NOT,"346.16286,14.13",TRUE,346.16286,14.13,0.065,2,1,5580360.476,F13,BTZ,"346.16286,14.13",0.372491953
TRUE,180.0418,14.131,0.059,3,2,1277205775,F43,NOT,"180.0418,14.131",TRUE,180.0418,14.131,0.058,3,2,954040357.1,F13,BTZ,"180.0418,14.131",0.746974666
TRUE,254.11507,14.132,0.06,3,2,1619441904,F40,NOT,"254.11507,14.132",TRUE,254.11507,14.132,0.058,3,2,1076030438,F3,BTZ,"254.11507,14.132",0.664445224
TRUE,152.04717,14.133,0.061,3,2,710291588.8,F40,NOT,"152.04717,14.133",TRUE,152.04717,14.133,0.06,3,2,751302305.7,F7,BTZ,"152.04717,14.133",1.057737861
TRUE,274.10548,14.134,0.062,2,2,34474898.72,F36,NOT,"274.10548,14.134",TRUE,274.10548,14.134,0.065,2,2,17867997.2,F4,BTZ,"274.10548,14.134",0.518290056
TRUE,541.32359,14.142,0.093,2,1,52209157.61,F43,NOT,"541.32359,14.142",TRUE,541.32359,14.142,0.095,3,1,91896810.14,F11,BTZ,"541.32359,14.142",1.760166498
TRUE,384.14551,14.142,0.076,2,2,33534791.13,F36,NOT,"384.14551,14.142",TRUE,384.14551,14.142,0.076,1,2,28076623.78,F4,BTZ,"384.14551,14.142",0.837238666
TRUE,286.17736,14.181,0.06,1,2,10377102.08,F44,NOT,"286.17736,14.181",TRUE,286.17736,14.181,0.071,1,2,8529181.724,F7,BTZ,"286.17736,14.181",0.821923275
TRUE,196.14498,14.185,0.075,2,1,40138497.74,F45,NOT,"196.14498,14.185",TRUE,196.14498,14.185,0.073,2,1,33572658.64,F11,BTZ,"196.14498,14.185",0.836420408
TRUE,186.10396,14.194,0.161,2,1,33753519.03,F43,NOT,"186.10396,14.194",TRUE,186.10396,14.194,0.17,2,1,33245700.35,F13,BTZ,"186.10396,14.194",0.984955089
TRUE,210.10417,14.195,0.073,2,1,7777448.13,F37,NOT,"210.10417,14.195",TRUE,210.10417,14.195,0.07,2,1,7508776.828,F3,BTZ,"210.10417,14.195",0.965455083
TRUE,368.21995,14.206,0.089,2,1,9245213.23,F44,NOT,"368.21995,14.206",TRUE,368.21995,14.206,0.076,2,1,9509707.49,F7,BTZ,"368.21995,14.206",1.028608779
TRUE,285.22981,14.209,0.098,2,1,13973289.02,F44,NOT,"285.22981,14.209",TRUE,285.22981,14.209,0.152,2,1,13608082.71,F6,BTZ,"285.22981,14.209",0.973863969
TRUE,277.20366,14.212,0.05,4,1,151570478.9,F38,NOT,"277.20366,14.212",TRUE,277.20366,14.212,0.054,3,1,125538881,F6,BTZ,"277.20366,14.212",0.828254169
TRUE,255.21929,14.216,0.05,2,1,17328352.73,F39,NOT,"255.21929,14.216",TRUE,255.21929,14.216,0.064,2,1,19610582.87,F6,BTZ,"255.21929,14.216",1.131704968
TRUE,348.24077,14.228,0.062,2,1,13743040.28,F35,NOT,"348.24077,14.228",TRUE,348.24077,14.228,0.068,2,1,28881923.63,F3,BTZ,"348.24077,14.228",2.101567269
TRUE,411.26228,14.239,0.08,4,3,140967818.6,F35,NOT,"411.26228,14.239",TRUE,411.26228,14.239,0.078,4,1,395986632.6,F12,BTZ,"411.26228,14.239",2.809056964
TRUE,220.10965,14.257,0.115,2,1,167015664.8,F38,NOT,"220.10965,14.257",TRUE,220.10965,14.257,0.112,2,1,131610069,F3,BTZ,"220.10965,14.257",0.788010329
TRUE,163.13582,14.26,0.076,2,1,146779646.4,F44,NOT,"163.13582,14.26",TRUE,163.13582,14.26,0.078,2,1,89138653.12,F8,BTZ,"163.13582,14.26",0.607295734
TRUE,510.33013,14.264,0.092,2,1,22796806.49,F36,NOT,"510.33013,14.264",TRUE,510.33013,14.264,0.12,3,2,90221850.68,F11,BTZ,"510.33013,14.264",3.957653048
TRUE,608.32267,14.286,0.045,2,1,8131354.326,F44,NOT,"608.32267,14.286",TRUE,608.32267,14.286,0.034,2,1,4111086.616,F6,BTZ,"608.32267,14.286",0.505584488
TRUE,350.25636,14.293,0.059,2,1,14960153.4,F38,NOT,"350.25636,14.293",TRUE,350.25636,14.293,0.057,2,1,8700293.575,F4,BTZ,"350.25636,14.293",0.581564463
TRUE,300.2303,14.294,0.094,2,1,37851488.25,F35,NOT,"300.2303,14.294",TRUE,300.2303,14.294,0.077,2,1,9207576.354,F4,BTZ,"300.2303,14.294",0.243255332
TRUE,138.06795,14.304,0.057,2,2,635351913.4,F40,NOT,"138.06795,14.304",TRUE,138.06795,14.304,0.057,2,2,546637457,F7,BTZ,"138.06795,14.304",0.860369577
TRUE,328.22514,14.304,0.077,2,1,113530739.1,F40,NOT,"328.22514,14.304",TRUE,328.22514,14.304,0.077,3,1,72594043.19,F5,BTZ,"328.22514,14.304",0.63942192
TRUE,156.07854,14.305,0.054,2,2,181215459.2,F35,NOT,"156.07854,14.305",TRUE,156.07854,14.305,0.057,2,1,34067535.5,F4,BTZ,"156.07854,14.305",0.187994643
TRUE,218.13045,14.313,0.054,2,1,243391657.9,F36,NOT,"218.13045,14.313",TRUE,218.13045,14.313,0.053,2,1,181426160.4,F3,BTZ,"218.13045,14.313",0.745408294
TRUE,423.2625,14.315,0.092,2,1,11440433.74,F44,NOT,"423.2625,14.315",TRUE,423.2625,14.315,0.089,5,2,331592229.7,F8,BTZ,"423.2625,14.315",28.98423585
TRUE,226.13565,14.325,0.068,2,1,6674750.261,F35,NOT,"226.13565,14.325",TRUE,226.13565,14.325,0.073,2,1,26285236.69,F5,BTZ,"226.13565,14.325",3.938010512
TRUE,190.07779,14.331,0.049,2,2,102078712.4,F43,NOT,"190.07779,14.331",TRUE,190.07779,14.331,0.045,2,1,140303580.5,F11,BTZ,"190.07779,14.331",1.374464638
TRUE,264.17208,14.332,0.075,2,1,38057204.66,F38,NOT,"264.17208,14.332",TRUE,264.17208,14.332,0.07,2,1,28499473.84,F4,BTZ,"264.17208,14.332",0.748858832
TRUE,199.19339,14.338,0.05,2,1,72894143.82,F38,NOT,"199.19339,14.338",TRUE,199.19339,14.338,0.055,2,1,78342162.4,F3,BTZ,"199.19339,14.338",1.074738769
TRUE,429.2715,14.338,0.115,2,1,17275239.19,F43,NOT,"429.2715,14.338",TRUE,429.2715,14.338,0.098,2,1,24748672.41,F11,BTZ,"429.2715,14.338",1.432609537
TRUE,339.24129,14.34,0.077,2,1,34182918.34,F35,NOT,"339.24129,14.34",TRUE,339.24129,14.34,0.075,3,1,176965379.2,F5,BTZ,"339.24129,14.34",5.177012022
TRUE,339.24122,14.34,0.073,2,1,24201698.97,F42,NOT,"339.24122,14.34",TRUE,339.24122,14.34,0.076,3,1,212842859.9,F8,BTZ,"339.24122,14.34",8.794542076
TRUE,208.14609,14.343,0.06,2,1,93721090.26,F35,NOT,"208.14609,14.343",TRUE,208.14609,14.343,0.058,2,1,110602404.2,F3,BTZ,"208.14609,14.343",1.180122893
TRUE,368.21886,14.368,0.079,2,3,1246547735,F41,NOT,"368.21886,14.368",TRUE,368.21886,14.368,0.079,2,3,806507088.9,F13,BTZ,"368.21886,14.368",0.646992543
TRUE,368.21886,14.368,0.08,2,3,718804390.5,F45,NOT,"368.21886,14.368",TRUE,368.21886,14.368,0.079,2,3,806507088.9,F13,BTZ,"368.21886,14.368",1.122011913
TRUE,176.15608,14.378,0.071,2,1,29444882.05,F45,NOT,"176.15608,14.378",TRUE,176.15608,14.378,0.352,2,1,67226493.85,F13,BTZ,"176.15608,14.378",2.28313001
TRUE,250.15616,14.38,0.093,2,1,27334423.46,F43,NOT,"250.15616,14.38",TRUE,250.15616,14.38,0.088,2,1,48212944.7,F11,BTZ,"250.15616,14.38",1.763817875
TRUE,442.07073,14.38,0.061,3,1,25897154.36,F40,NOT,"442.07073,14.38",TRUE,442.07073,14.38,0.068,3,1,35730786.38,F6,BTZ,"442.07073,14.38",1.379718632
TRUE,342.14606,14.382,0.065,3,4,1397353708,F38,NOT,"342.14606,14.382",TRUE,342.14606,14.382,0.063,3,4,915833163.2,F8,BTZ,"342.14606,14.382",0.655405398
TRUE,132.05748,14.393,0.082,2,2,279665699.7,F38,NOT,"132.05748,14.393",TRUE,132.05748,14.393,0.086,2,2,215203102,F7,BTZ,"132.05748,14.393",0.769501237
TRUE,240.09931,14.394,0.058,2,1,323132576.1,F39,NOT,"240.09931,14.394",TRUE,240.09931,14.394,0.056,2,1,162807628.8,F3,BTZ,"240.09931,14.394",0.503841583
TRUE,132.05735,14.395,0.078,2,2,151060594.8,F43,NOT,"132.05735,14.395",TRUE,132.05735,14.395,0.086,2,2,224701986.6,F13,BTZ,"132.05735,14.395",1.487495709
TRUE,120.09386,14.395,0.102,2,1,84199777.9,F44,NOT,"120.09386,14.395",TRUE,120.09386,14.395,0.068,2,1,71463211.65,F7,BTZ,"120.09386,14.395",0.848733969
TRUE,104.06281,14.401,0.137,2,1,295138562.8,F40,NOT,"104.06281,14.401",TRUE,104.06281,14.401,0.136,2,1,255009691.3,F6,BTZ,"104.06281,14.401",0.864033791
TRUE,145.06502,14.402,0.06,2,1,31702100.54,F45,NOT,"145.06502,14.402",TRUE,145.06502,14.402,0.058,2,2,33885381.29,F11,BTZ,"145.06502,14.402",1.068868646
TRUE,469.30345,14.406,0.138,3,1,88825440.99,F37,NOT,"469.30345,14.406",TRUE,469.30345,14.406,0.084,3,3,461367174.5,F3,BTZ,"469.30345,14.406",5.194088195
TRUE,276.17213,14.407,0.053,3,3,880995576.7,F38,NOT,"276.17213,14.407",TRUE,276.17213,14.407,0.05,3,3,600472993.1,F3,BTZ,"276.17213,14.407",0.681584572
TRUE,469.30339,14.41,0.101,4,3,1154659046,F38,NOT,"469.30339,14.41",TRUE,469.30339,14.41,0.105,3,3,1040668472,F5,BTZ,"469.30339,14.41",0.90127772
TRUE,281.2715,14.465,0.108,2,1,58707478.28,F38,NOT,"281.2715,14.465",TRUE,281.2715,14.465,0.109,2,2,68762951,F3,BTZ,"281.2715,14.465",1.171280951
TRUE,224.03536,14.467,0.056,3,1,31362284.66,F36,NOT,"224.03536,14.467",TRUE,224.03536,14.467,0.053,3,1,32469049.52,F4,BTZ,"224.03536,14.467",1.035289676
TRUE,206.09392,14.469,0.057,2,1,79336636.12,F38,NOT,"206.09392,14.469",TRUE,206.09392,14.469,0.055,2,1,53772521.18,F6,BTZ,"206.09392,14.469",0.677776672
TRUE,148.03738,14.471,0.054,3,2,59928368.33,F37,NOT,"148.03738,14.471",TRUE,148.03738,14.471,0.048,3,2,58097383.15,F3,BTZ,"148.03738,14.471",0.969447104
TRUE,246.21918,14.484,0.055,2,2,28517742.64,F38,NOT,"246.21918,14.484",TRUE,246.21918,14.484,0.06,2,2,21844195.33,F3,BTZ,"246.21918,14.484",0.76598613
TRUE,222.16171,14.494,0.059,2,1,28757809.17,F44,NOT,"222.16171,14.494",TRUE,222.16171,14.494,0.059,2,1,28089379.84,F7,BTZ,"222.16171,14.494",0.976756598
TRUE,186.089,14.495,0.054,2,2,19955911.79,F37,NOT,"186.089,14.495",TRUE,186.089,14.495,0.058,2,2,31777716.42,F3,BTZ,"186.089,14.495",1.592396116
TRUE,278.15186,14.496,0.063,4,2,137246296.1,F44,NOT,"278.15186,14.496",TRUE,278.15186,14.496,0.065,4,2,100520561.9,F7,BTZ,"278.15186,14.496",0.732410016
TRUE,246.16195,14.496,0.068,2,1,82634245.91,F44,NOT,"246.16195,14.496",TRUE,246.16195,14.496,0.069,2,1,84564478.28,F3,BTZ,"246.16195,14.496",1.023358746
TRUE,106.04193,14.498,0.074,2,1,190826213.3,F43,NOT,"106.04193,14.498",TRUE,106.04193,14.498,0.064,2,1,302699225.7,F13,BTZ,"106.04193,14.498",1.586255999
TRUE,252.13644,14.499,0.083,3,3,48753463.95,F38,NOT,"252.13644,14.499",TRUE,252.13644,14.499,0.076,2,2,19653689.18,F4,BTZ,"252.13644,14.499",0.403123954
TRUE,301.16804,14.5,0.075,3,1,27088323.26,F36,NOT,"301.16804,14.5",TRUE,301.16804,14.5,0.064,3,1,16418705.98,F4,BTZ,"301.16804,14.5",0.606117471
TRUE,149.08397,14.501,0.056,2,2,34141790.94,F36,NOT,"149.08397,14.501",TRUE,149.08397,14.501,0.087,2,1,9040139.037,F3,BTZ,"149.08397,14.501",0.264782215
TRUE,149.08373,14.505,0.056,2,1,16522853.27,F45,NOT,"149.08373,14.505",TRUE,149.08373,14.505,0.058,2,1,19588003.82,F11,BTZ,"149.08373,14.505",1.18550976
TRUE,234.19801,14.525,0.21,1,2,50783624.6,F39,NOT,"234.19801,14.525",TRUE,234.19801,14.525,0.238,1,2,52671885.34,F6,BTZ,"234.19801,14.525",1.037182473
TRUE,414.10564,14.544,0.096,3,1,151142849.1,F43,NOT,"414.10564,14.544",TRUE,414.10564,14.544,0.094,3,1,48325071.36,F12,BTZ,"414.10564,14.544",0.319731113
TRUE,344.16448,14.575,0.054,2,1,7688281.716,F40,NOT,"344.16448,14.575",TRUE,344.16448,14.575,0.063,2,2,20194431.4,F4,BTZ,"344.16448,14.575",2.62665081
TRUE,260.17687,14.577,0.076,2,1,32633275.31,F44,NOT,"260.17687,14.577",TRUE,260.17687,14.577,0.082,2,1,31357596.01,F13,BTZ,"260.17687,14.577",0.960908634
TRUE,261.26601,14.578,0.06,2,1,20400578.54,F41,NOT,"261.26601,14.578",TRUE,261.26601,14.578,0.057,2,1,17998787.08,F11,BTZ,"261.26601,14.578",0.882268463
TRUE,261.26601,14.578,0.06,2,1,20400578.54,F41,NOT,"261.26601,14.578",TRUE,261.26601,14.578,0.049,2,1,16110010.66,F13,BTZ,"261.26601,14.578",0.78968401
TRUE,198.08899,14.582,0.053,2,2,20426549.15,F36,NOT,"198.08899,14.582",TRUE,198.08899,14.582,0.057,2,1,6860661.164,F4,BTZ,"198.08899,14.582",0.335869809
TRUE,250.15686,14.604,0.051,2,2,48557036.56,F37,NOT,"250.15686,14.604",TRUE,250.15686,14.604,0.063,3,2,54645578.95,F4,BTZ,"250.15686,14.604",1.125389497
TRUE,545.39171,14.633,0.071,2,1,11717112.91,F41,NOT,"545.39171,14.633",TRUE,545.39171,14.633,0.073,2,1,10020085.3,F8,BTZ,"545.39171,14.633",0.855166744
TRUE,226.11991,14.636,0.074,2,1,14290062.72,F43,NOT,"226.11991,14.636",TRUE,226.11991,14.636,0.065,2,1,22149810.73,F11,BTZ,"226.11991,14.636",1.550014941
TRUE,325.26088,14.637,0.071,3,1,46169312.63,F44,NOT,"325.26088,14.637",TRUE,325.26088,14.637,0.064,2,1,80108211.57,F8,BTZ,"325.26088,14.637",1.735096474
TRUE,270.21871,14.706,0.089,2,1,27273621.57,F45,NOT,"270.21871,14.706",TRUE,270.21871,14.706,0.089,2,1,20491999.67,F11,BTZ,"270.21871,14.706",0.751348684
TRUE,506.13198,14.721,0.126,3,1,31168639.92,F43,NOT,"506.13198,14.721",TRUE,506.13198,14.721,0.143,3,1,14093098.04,F12,BTZ,"506.13198,14.721",0.452156337
TRUE,310.17705,14.756,0.055,2,1,14664229.54,F43,NOT,"310.17705,14.756",TRUE,310.17705,14.756,0.061,2,1,15893801.42,F13,BTZ,"310.17705,14.756",1.083848379
TRUE,553.16814,14.925,0.082,3,1,21767387.01,F38,NOT,"553.16814,14.925",TRUE,553.16814,14.925,0.071,4,1,32456200.86,F3,BTZ,"553.16814,14.925",1.491047173
TRUE,256.21834,14.958,0.202,2,1,161221828.1,F42,NOT,"256.21834,14.958",TRUE,256.21834,14.958,0.154,3,1,136552297.9,F12,BTZ,"256.21834,14.958",0.846983932
TRUE,346.18028,15.259,0.152,2,1,12498006.64,F37,NOT,"346.18028,15.259",TRUE,346.18028,15.259,0.194,2,1,31054347.83,F3,BTZ,"346.18028,15.259",2.484744066
TRUE,359.24114,15.26,0.198,4,1,132422205.7,F35,NOT,"359.24114,15.26",TRUE,359.24114,15.26,0.218,2,1,116961085.9,F5,BTZ,"359.24114,15.26",0.883243753
TRUE,312.19692,15.26,0.201,3,1,64583436.25,F41,NOT,"312.19692,15.26",TRUE,312.19692,15.26,0.133,2,1,57208703.38,F12,BTZ,"312.19692,15.26",0.88581077
TRUE,566.3993,15.263,0.071,3,2,62710987.5,F35,NOT,"566.3993,15.263",TRUE,566.3993,15.263,0.073,3,2,69014841.62,F3,BTZ,"566.3993,15.263",1.100522323
TRUE,425.38616,15.388,0.115,2,1,38122717.65,F39,NOT,"425.38616,15.388",TRUE,425.38616,15.388,0.107,2,1,17371205.72,F5,BTZ,"425.38616,15.388",0.455665461
TRUE,286.21431,15.396,0.072,2,1,32484943.01,F45,NOT,"286.21431,15.396",TRUE,286.21431,15.396,0.077,2,1,42279959.61,F12,BTZ,"286.21431,15.396",1.30152482
TRUE,288.23022,15.402,0.089,2,2,122366831.6,F38,NOT,"288.23022,15.402",TRUE,288.23022,15.402,0.086,1,2,104158039.9,F3,BTZ,"288.23022,15.402",0.851195038
TRUE,228.20867,15.828,0.106,2,1,13507863.71,F39,NOT,"228.20867,15.828",TRUE,228.20867,15.828,0.107,2,1,21118878.22,F3,BTZ,"228.20867,15.828",1.563450644
TRUE,431.24736,15.855,0.133,2,1,127936471.5,F35,NOT,"431.24736,15.855",TRUE,431.24736,15.855,0.145,3,1,83115855.62,F3,BTZ,"431.24736,15.855",0.649665061
TRUE,410.28774,15.856,0.128,2,1,11007094.84,F44,NOT,"410.28774,15.856",TRUE,410.28774,15.856,0.134,2,1,13086972.09,F13,BTZ,"410.28774,15.856",1.188957875
TRUE,385.27629,15.857,0.132,3,1,47580685.93,F42,NOT,"385.27629,15.857",TRUE,385.27629,15.857,0.138,3,1,67757039.49,F12,BTZ,"385.27629,15.857",1.424045034
TRUE,300.26662,15.859,0.103,3,1,116574701.8,F38,NOT,"300.26662,15.859",TRUE,300.26662,15.859,0.105,3,1,127219375.2,F5,BTZ,"300.26662,15.859",1.091312036
TRUE,385.27675,15.859,0.146,3,1,46867349.65,F37,NOT,"385.27675,15.859",TRUE,385.27675,15.859,0.057,2,1,19476708.92,F5,BTZ,"385.27675,15.859",0.415570948
TRUE,453.41756,16.052,0.11,3,1,34984112.94,F38,NOT,"453.41756,16.052",TRUE,453.41756,16.052,0.11,3,1,39432991.49,F3,BTZ,"453.41756,16.052",1.12716854
TRUE,431.24681,16.061,0.131,2,1,51909818.73,F43,NOT,"431.24681,16.061",TRUE,431.24681,16.061,0.125,2,1,38512169.68,F12,BTZ,"431.24681,16.061",0.741905301
TRUE,311.31792,16.592,0.092,3,1,267198064.6,F44,NOT,"311.31792,16.592",TRUE,311.31792,16.592,0.082,3,1,247061162.5,F12,BTZ,"311.31792,16.592",0.924636797
TRUE,143.13075,17.615,0.104,2,1,36912430.07,F42,NOT,"143.13075,17.615",TRUE,143.13075,17.615,0.1,2,1,20337304.8,F8,BTZ,"143.13075,17.615",0.550960876
TRUE,108.06877,17.65,0.055,2,1,130163716.6,F43,NOT,"108.06877,17.65",TRUE,108.06877,17.65,0.054,2,1,95693781.68,F13,BTZ,"108.06877,17.65",0.735180158
TRUE,594.15213,17.663,0.073,2,1,10350294.4,F45,NOT,"594.15213,17.663",TRUE,594.15213,17.663,0.095,2,1,9468687.706,F13,BTZ,"594.15213,17.663",0.914823032
TRUE,200.09468,17.671,0.082,3,1,218743902.6,F39,NOT,"200.09468,17.671",TRUE,200.09468,17.671,0.085,3,1,199579457.1,F5,BTZ,"200.09468,17.671",0.912388664
TRUE,184.97566,17.719,0.139,2,1,57499812.12,F41,NOT,"184.97566,17.719",TRUE,184.97566,17.719,0.143,2,1,36176670.47,F12,BTZ,"184.97566,17.719",0.629161542
TRUE,163.03752,18.264,0.148,3,1,45767993.88,F35,NOT,"163.03752,18.264",TRUE,163.03752,18.264,0.104,3,2,46915478.29,F8,BTZ,"163.03752,18.264",1.025071766