Checked,Molecular Weight,RT [min],FWHM [min],Max. # MI,# Adducts,Area,Study File ID,Sample,"WT,RT",Checked,Molecular Weight,RT [min],FWHM [min],Max. # MI,# Adducts,Area,Study File ID,Sample,"WT,RT",Enrichment
TRUE,156.09693,7.864,0.061,2,1,49707315.64,F37,NOT,"156.09693,7.864",TRUE,156.09693,7.864,0.06,2,1,61267545.8,F15,LBH,"156.09693,7.864",1.232565972
TRUE,156.0969,7.865,0.062,2,1,68865609.43,F38,NOT,"156.0969,7.865",TRUE,156.0969,7.865,0.056,2,1,53205849.42,F16,LBH,"156.0969,7.865",0.77260406
TRUE,310.15975,7.868,0.075,3,1,10253923.27,F36,NOT,"310.15975,7.868",TRUE,310.15975,7.868,0.083,2,1,7853971.153,F17,LBH,"310.15975,7.868",0.765947915
TRUE,451.25954,7.87,0.07,2,1,13770545.42,F36,NOT,"451.25954,7.87",TRUE,451.25954,7.87,0.105,2,1,13412235.98,F14,LBH,"451.25954,7.87",0.973980011
TRUE,310.15962,7.87,0.084,3,1,11275196.52,F43,NOT,"310.15962,7.87",TRUE,310.15962,7.87,0.085,2,1,10410810.47,F16,LBH,"310.15962,7.87",0.923337385
TRUE,377.24047,7.871,0.084,2,1,18060627.44,F42,NOT,"377.24047,7.871",TRUE,377.24047,7.871,0.098,2,1,12724502.1,F19,LBH,"377.24047,7.871",0.704543745
TRUE,433.24831,7.874,0.082,3,1,32823597.15,F44,NOT,"433.24831,7.874",TRUE,433.24831,7.874,0.078,2,1,38866419.81,F24,LBH,"433.24831,7.874",1.184099952
TRUE,238.13855,7.885,0.101,2,1,24245280.01,F38,NOT,"238.13855,7.885",TRUE,238.13855,7.885,0.097,2,1,22782435,F15,LBH,"238.13855,7.885",0.939664751
TRUE,294.16478,7.886,0.105,4,1,21450149.31,F38,NOT,"294.16478,7.886",TRUE,294.16478,7.886,0.081,3,1,17411889.07,F17,LBH,"294.16478,7.886",0.81173743
TRUE,288.19401,7.905,0.137,2,1,16607649.3,F40,NOT,"288.19401,7.905",TRUE,288.19401,7.905,0.094,2,1,13232951.2,F17,LBH,"288.19401,7.905",0.796798569
TRUE,184.12792,7.911,0.091,2,1,68690588.91,F43,NOT,"184.12792,7.911",TRUE,184.12792,7.911,0.06,2,1,54888236.45,F21,LBH,"184.12792,7.911",0.799064869
TRUE,197.17774,7.916,0.09,2,2,33831728.76,F38,NOT,"197.17774,7.916",TRUE,197.17774,7.916,0.079,2,2,24221286.48,F16,LBH,"197.17774,7.916",0.715934047
TRUE,290.19169,7.918,0.081,3,1,55310333.88,F40,NOT,"290.19169,7.918",TRUE,290.19169,7.918,0.087,2,1,21671674.04,F14,LBH,"290.19169,7.918",0.391819621
TRUE,184.14586,7.931,0.121,2,1,23290701.26,F43,NOT,"184.14586,7.931",TRUE,184.14586,7.931,0.2,2,1,40326813.21,F24,LBH,"184.14586,7.931",1.731455518
TRUE,304.20735,7.936,0.073,3,1,46483960.75,F42,NOT,"304.20735,7.936",TRUE,304.20735,7.936,0.066,3,1,54697345.48,F16,LBH,"304.20735,7.936",1.176692876
TRUE,327.11226,7.966,0.076,2,1,12309537.8,F45,NOT,"327.11226,7.966",TRUE,327.11226,7.966,0.066,2,1,16243634.95,F24,LBH,"327.11226,7.966",1.319597471
TRUE,239.18819,7.968,0.07,2,1,90377980.12,F38,NOT,"239.18819,7.968",TRUE,239.18819,7.968,0.074,2,1,85470140.71,F16,LBH,"239.18819,7.968",0.945696514
TRUE,212.15926,7.97,0.087,3,1,79301239,F40,NOT,"212.15926,7.97",TRUE,212.15926,7.97,0.076,4,1,104648993.9,F18,LBH,"212.15926,7.97",1.319638826
TRUE,332.25661,7.973,0.191,2,1,29104491.22,F40,NOT,"332.25661,7.973",TRUE,332.25661,7.973,0.2,2,1,32544342.29,F17,LBH,"332.25661,7.973",1.118189699
TRUE,157.14632,7.975,0.048,2,1,30396355.77,F41,NOT,"157.14632,7.975",TRUE,157.14632,7.975,0.051,2,1,34417310.43,F24,LBH,"157.14632,7.975",1.132284103
TRUE,258.16478,7.982,0.129,3,1,90140801.99,F39,NOT,"258.16478,7.982",TRUE,258.16478,7.982,0.113,3,1,81891277.99,F15,LBH,"258.16478,7.982",0.908481799
TRUE,344.23842,8.021,0.089,2,1,95139520.35,F35,NOT,"344.23842,8.021",TRUE,344.23842,8.021,0.089,2,1,96950229.73,F16,LBH,"344.23842,8.021",1.019032147
TRUE,288.21222,8.032,0.091,4,2,341732055.6,F35,NOT,"288.21222,8.032",TRUE,288.21222,8.032,0.077,4,3,401828367.8,F17,LBH,"288.21222,8.032",1.175857989
TRUE,240.1906,8.033,0.105,2,1,184088349.6,F37,NOT,"240.1906,8.033",TRUE,240.1906,8.033,0.097,3,1,170066539.7,F16,LBH,"240.1906,8.033",0.923831085
TRUE,270.20116,8.034,0.077,2,1,86222597.28,F38,NOT,"270.20116,8.034",TRUE,270.20116,8.034,0.08,3,1,108270838.2,F16,LBH,"270.20116,8.034",1.255713022
TRUE,254.20574,8.075,0.102,2,1,172413755.2,F43,NOT,"254.20574,8.075",TRUE,254.20574,8.075,0.084,2,1,151866121.1,F21,LBH,"254.20574,8.075",0.880823696
TRUE,396.2661,8.112,0.147,2,1,16930941.27,F44,NOT,"396.2661,8.112",TRUE,396.2661,8.112,0.178,3,1,89572094.13,F21,LBH,"396.2661,8.112",5.290437944
TRUE,110.10969,8.113,0.059,2,1,15375813.29,F39,NOT,"110.10969,8.113",TRUE,110.10969,8.113,0.057,2,1,15067818.04,F18,LBH,"110.10969,8.113",0.979968848
TRUE,310.26872,8.256,0.081,2,1,10548549.87,F36,NOT,"310.26872,8.256",TRUE,310.26872,8.256,0.081,2,1,14638634.69,F14,LBH,"310.26872,8.256",1.387739061
TRUE,342.29503,8.282,0.113,5,4,5534907723,F36,NOT,"342.29503,8.282",TRUE,342.29503,8.282,0.114,5,4,5224483478,F14,LBH,"342.29503,8.282",0.943915191
TRUE,321.28493,8.286,0.09,2,1,52135310.07,F36,NOT,"321.28493,8.286",TRUE,321.28493,8.286,0.093,2,1,46502204.29,F14,LBH,"321.28493,8.286",0.891952196
TRUE,326.2867,8.286,0.109,2,1,20485709.8,F35,NOT,"326.2867,8.286",TRUE,326.2867,8.286,0.116,2,1,21673916.38,F16,LBH,"326.2867,8.286",1.058001729
TRUE,286.21443,8.331,0.075,2,1,36646405.6,F43,NOT,"286.21443,8.331",TRUE,286.21443,8.331,0.079,2,1,27353338.05,F23,LBH,"286.21443,8.331",0.746412577
TRUE,312.19679,8.331,0.082,2,1,26316994.72,F44,NOT,"312.19679,8.331",TRUE,312.19679,8.331,0.084,2,1,25860363.95,F23,LBH,"312.19679,8.331",0.982648825
TRUE,590.52547,8.458,0.055,3,1,31981596.54,F35,NOT,"590.52547,8.458",TRUE,590.52547,8.458,0.056,3,1,26808549.31,F19,LBH,"590.52547,8.458",0.83824925
TRUE,328.26164,8.466,0.099,2,1,16210007.46,F38,NOT,"328.26164,8.466",TRUE,328.26164,8.466,0.099,2,1,12310301.8,F16,LBH,"328.26164,8.466",0.759426042
TRUE,300.26649,8.471,0.081,2,1,29319306.1,F43,NOT,"300.26649,8.471",TRUE,300.26649,8.471,0.113,2,1,24602282.74,F23,LBH,"300.26649,8.471",0.83911545
TRUE,322.2173,8.473,0.138,3,2,39400677.85,F42,NOT,"322.2173,8.473",TRUE,322.2173,8.473,0.121,2,2,34562990.07,F23,LBH,"322.2173,8.473",0.877218159
TRUE,418.30721,8.475,0.138,3,1,82780458.34,F42,NOT,"418.30721,8.475",TRUE,418.30721,8.475,0.144,3,1,62144194.24,F21,LBH,"418.30721,8.475",0.750710922
TRUE,387.27175,8.477,0.099,2,1,60391032.36,F43,NOT,"387.27175,8.477",TRUE,387.27175,8.477,0.139,3,1,33053978.53,F24,LBH,"387.27175,8.477",0.547332563
TRUE,312.30311,8.618,0.094,2,1,25257457.61,F40,NOT,"312.30311,8.618",TRUE,312.30311,8.618,0.09,2,1,16696082.64,F17,LBH,"312.30311,8.618",0.661035758
TRUE,171.12576,9.848,0.129,2,1,24495687.68,F36,NOT,"171.12576,9.848",TRUE,171.12576,9.848,0.165,2,1,41058424.21,F14,LBH,"171.12576,9.848",1.676149074
TRUE,330.21483,9.922,0.107,2,1,16351352.57,F38,NOT,"330.21483,9.922",TRUE,330.21483,9.922,0.106,2,1,10458199.94,F15,LBH,"330.21483,9.922",0.639592345
TRUE,169.14635,10.168,0.123,2,1,157028718.5,F41,NOT,"169.14635,10.168",TRUE,169.14635,10.168,0.143,3,1,507487213.7,F19,LBH,"169.14635,10.168",3.231811471
TRUE,273.15679,10.213,0.071,2,1,8279405.637,F44,NOT,"273.15679,10.213",TRUE,273.15679,10.213,0.084,2,1,41839438.76,F21,LBH,"273.15679,10.213",5.053435065
TRUE,271.17803,10.269,0.075,2,1,33737662.46,F36,NOT,"271.17803,10.269",TRUE,271.17803,10.269,0.084,2,1,43777105.11,F14,LBH,"271.17803,10.269",1.297573747
TRUE,226.20387,10.298,0.088,2,1,385957085,F42,NOT,"226.20387,10.298",TRUE,226.20387,10.298,0.098,2,1,14876530.88,F23,LBH,"226.20387,10.298",0.038544521
TRUE,356.26689,10.405,0.095,2,1,15191615.88,F38,NOT,"356.26689,10.405",TRUE,356.26689,10.405,0.095,2,1,12354948.61,F17,LBH,"356.26689,10.405",0.813274158
TRUE,356.26689,10.405,0.091,2,1,13864955.44,F39,NOT,"356.26689,10.405",TRUE,356.26689,10.405,0.095,2,1,12354948.61,F17,LBH,"356.26689,10.405",0.891091837
TRUE,475.24108,10.416,0.122,2,1,14208075.65,F38,NOT,"475.24108,10.416",TRUE,475.24108,10.416,0.112,2,1,9470222.476,F16,LBH,"475.24108,10.416",0.66653801
TRUE,445.25121,10.514,0.127,2,1,15530681.04,F42,NOT,"445.25121,10.514",TRUE,445.25121,10.514,0.116,2,1,11933938.21,F19,LBH,"445.25121,10.514",0.768410489
TRUE,110.10977,10.517,0.087,2,1,42607316.11,F36,NOT,"110.10977,10.517",TRUE,110.10977,10.517,0.091,2,1,54699392.1,F14,LBH,"110.10977,10.517",1.283802809
TRUE,296.20912,10.539,0.112,2,1,59469014.38,F44,NOT,"296.20912,10.539",TRUE,296.20912,10.539,0.118,2,1,64358145.57,F18,LBH,"296.20912,10.539",1.082213086
TRUE,296.20918,10.54,0.108,2,1,68109187.96,F45,NOT,"296.20918,10.54",TRUE,296.20918,10.54,0.122,3,1,795588014.5,F21,LBH,"296.20918,10.54",11.68106739
TRUE,503.32991,10.567,0.083,2,1,16102714.78,F38,NOT,"503.32991,10.567",TRUE,503.32991,10.567,0.086,2,1,18375235.71,F15,LBH,"503.32991,10.567",1.141126572
TRUE,299.17269,10.572,0.091,2,1,11383870.6,F39,NOT,"299.17269,10.572",TRUE,299.17269,10.572,0.093,2,1,15224004.8,F15,LBH,"299.17269,10.572",1.337331153
TRUE,322.26113,10.612,0.098,2,1,31692368.51,F42,NOT,"322.26113,10.612",TRUE,322.26113,10.612,0.101,2,1,25234496.19,F21,LBH,"322.26113,10.612",0.796232575
TRUE,282.23027,10.643,0.098,2,1,41989399.76,F39,NOT,"282.23027,10.643",TRUE,282.23027,10.643,0.102,2,1,19698315.07,F16,LBH,"282.23027,10.643",0.469125903
TRUE,698.39786,10.653,0.092,3,1,41652772.4,F38,NOT,"698.39786,10.653",TRUE,698.39786,10.653,0.092,3,1,34953990.68,F15,LBH,"698.39786,10.653",0.83917561
TRUE,367.22002,10.702,0.079,2,1,36761631.89,F38,NOT,"367.22002,10.702",TRUE,367.22002,10.702,0.075,2,1,49202845.94,F16,LBH,"367.22002,10.702",1.338429319
TRUE,270.19356,10.769,0.078,2,1,67089469.7,F42,NOT,"270.19356,10.769",TRUE,270.19356,10.769,0.091,3,1,32138270.88,F19,LBH,"270.19356,10.769",0.479035995
TRUE,287.17278,10.77,0.078,2,1,80060625.01,F37,NOT,"287.17278,10.77",TRUE,287.17278,10.77,0.083,2,1,139669348.6,F15,LBH,"287.17278,10.77",1.744544819
TRUE,231.14672,10.846,0.11,2,1,28925441.84,F36,NOT,"231.14672,10.846",TRUE,231.14672,10.846,0.122,2,1,27379060.22,F15,LBH,"231.14672,10.846",0.946539049
TRUE,354.25139,10.853,0.077,2,1,83980481.48,F36,NOT,"354.25139,10.853",TRUE,354.25139,10.853,0.086,2,1,51507719.15,F14,LBH,"354.25139,10.853",0.613329648
TRUE,312.24077,10.857,0.13,2,1,18803764.06,F37,NOT,"312.24077,10.857",TRUE,312.24077,10.857,0.139,2,1,34398747.75,F15,LBH,"312.24077,10.857",1.829354359
TRUE,299.20888,10.888,0.088,2,1,10570754.82,F41,NOT,"299.20888,10.888",TRUE,299.20888,10.888,0.086,2,1,107852683.1,F21,LBH,"299.20888,10.888",10.2029311
TRUE,317.18288,10.962,0.1,2,1,34868879.36,F41,NOT,"317.18288,10.962",TRUE,317.18288,10.962,0.092,2,1,23181953.37,F24,LBH,"317.18288,10.962",0.664832188
TRUE,429.23534,11.007,0.08,4,1,4505847237,F39,NOT,"429.23534,11.007",TRUE,429.23534,11.007,0.084,4,1,5392703096,F18,LBH,"429.23534,11.007",1.19682333
TRUE,312.17622,11.01,0.047,3,1,41942125.75,F38,NOT,"312.17622,11.01",TRUE,312.17622,11.01,0.048,2,1,18186517.98,F18,LBH,"312.17622,11.01",0.433609829
TRUE,312.17616,11.014,0.044,2,1,19390488.36,F41,NOT,"312.17616,11.014",TRUE,312.17616,11.014,0.048,3,1,84707799.12,F15,LBH,"312.17616,11.014",4.368523244
TRUE,326.19191,11.016,0.049,3,1,87392876.58,F40,NOT,"326.19191,11.016",TRUE,326.19191,11.016,0.051,3,1,135328292.6,F17,LBH,"326.19191,11.016",1.548504843
TRUE,172.07335,11.044,0.122,3,2,1390209082,F40,NOT,"172.07335,11.044",TRUE,172.07335,11.044,0.128,3,2,1747922695,F17,LBH,"172.07335,11.044",1.257309219
TRUE,678.40293,11.048,0.074,2,1,15185827.37,F36,NOT,"678.40293,11.048",TRUE,678.40293,11.048,0.09,3,1,34177214.5,F14,LBH,"678.40293,11.048",2.250599435
TRUE,195.19829,11.059,0.094,2,1,36773772.74,F41,NOT,"195.19829,11.059",TRUE,195.19829,11.059,0.104,2,1,50897667.29,F19,LBH,"195.19829,11.059",1.384075212
TRUE,335.25646,11.062,0.091,2,1,25336729.05,F39,NOT,"335.25646,11.062",TRUE,335.25646,11.062,0.105,2,1,32706836.21,F18,LBH,"335.25646,11.062",1.290886292
TRUE,475.27989,11.137,0.075,2,1,16387594.64,F43,NOT,"475.27989,11.137",TRUE,475.27989,11.137,0.078,3,1,43370744.5,F22,LBH,"475.27989,11.137",2.646559514
TRUE,605.39739,11.143,0.076,3,1,93035627.58,F42,NOT,"605.39739,11.143",TRUE,605.39739,11.143,0.091,2,1,12950912.88,F18,LBH,"605.39739,11.143",0.1392038
TRUE,783.48142,11.19,0.098,2,1,10699387.23,F37,NOT,"783.48142,11.19",TRUE,783.48142,11.19,0.095,2,1,16212049.91,F15,LBH,"783.48142,11.19",1.515231626
TRUE,295.21401,11.232,0.139,2,1,21306386.83,F40,NOT,"295.21401,11.232",TRUE,295.21401,11.232,0.119,2,1,15734097,F19,LBH,"295.21401,11.232",0.738468569
TRUE,487.24095,11.235,0.075,3,1,59773323.96,F39,NOT,"487.24095,11.235",TRUE,487.24095,11.235,0.078,3,1,93693046.11,F15,LBH,"487.24095,11.235",1.567472576
TRUE,244.14169,11.261,0.106,2,1,9889675.68,F41,NOT,"244.14169,11.261",TRUE,244.14169,11.261,0.127,2,1,15130454.89,F19,LBH,"244.14169,11.261",1.529924275
TRUE,258.19368,11.29,0.112,3,1,51411960.01,F44,NOT,"258.19368,11.29",TRUE,258.19368,11.29,0.121,3,1,331967759.5,F21,LBH,"258.19368,11.29",6.457014271
TRUE,364.23546,11.325,0.092,2,1,29101427.98,F40,NOT,"364.23546,11.325",TRUE,364.23546,11.325,0.097,2,1,38287588.44,F18,LBH,"364.23546,11.325",1.315660127
TRUE,356.26689,11.342,0.126,3,1,592326127.9,F38,NOT,"356.26689,11.342",TRUE,356.26689,11.342,0.106,3,1,222752906.4,F17,LBH,"356.26689,11.342",0.37606463
TRUE,428.28752,11.346,0.092,3,1,54905562.5,F43,NOT,"428.28752,11.346",TRUE,428.28752,11.346,0.091,3,1,68682828.72,F22,LBH,"428.28752,11.346",1.250926602
TRUE,915.55948,11.355,0.098,3,1,30954024.99,F45,NOT,"915.55948,11.355",TRUE,915.55948,11.355,0.092,2,1,15254147.53,F21,LBH,"915.55948,11.355",0.49280013
TRUE,129.15169,11.379,0.097,3,1,554288921.4,F37,NOT,"129.15169,11.379",TRUE,129.15169,11.379,0.099,3,2,565842689.7,F15,LBH,"129.15169,11.379",1.020844307
TRUE,131.9376,11.388,0.094,2,1,63369901.49,F39,NOT,"131.9376,11.388",TRUE,131.9376,11.388,0.096,2,1,86917779.6,F14,LBH,"131.9376,11.388",1.371594046
TRUE,115.94263,11.39,0.095,3,1,708846434.7,F37,NOT,"115.94263,11.39",TRUE,115.94263,11.39,0.096,3,1,712767571.3,F14,LBH,"115.94263,11.39",1.005531715
TRUE,120.95902,11.39,0.096,2,1,553978683.9,F35,NOT,"120.95902,11.39",TRUE,120.95902,11.39,0.094,2,1,449901242.9,F14,LBH,"120.95902,11.39",0.812127354
TRUE,102.94821,11.394,0.099,3,2,2769811469,F37,NOT,"102.94821,11.394",TRUE,102.94821,11.394,0.094,3,2,2542407880,F17,LBH,"102.94821,11.394",0.917899254
TRUE,135.10472,11.409,0.117,2,1,54483330.25,F36,NOT,"135.10472,11.409",TRUE,135.10472,11.409,0.115,2,1,63990328.06,F14,LBH,"135.10472,11.409",1.174493699
TRUE,372.11034,11.411,0.07,2,1,6993900.964,F37,NOT,"372.11034,11.411",TRUE,372.11034,11.411,0.076,3,1,16999191.32,F17,LBH,"372.11034,11.411",2.430573639
TRUE,155.09389,11.426,0.103,2,1,54296031.56,F39,NOT,"155.09389,11.426",TRUE,155.09389,11.426,0.104,2,1,35270619.92,F14,LBH,"155.09389,11.426",0.649598486
TRUE,152.08345,11.435,0.116,3,1,1013850559,F42,NOT,"152.08345,11.435",TRUE,152.08345,11.435,0.119,3,1,545090245,F21,LBH,"152.08345,11.435",0.537643581
TRUE,198.08876,11.442,0.11,2,4,547376364.2,F41,NOT,"198.08876,11.442",TRUE,198.08876,11.442,0.13,2,1,158680552.1,F23,LBH,"198.08876,11.442",0.289892956
TRUE,224.15193,11.53,0.097,2,1,95116520.63,F41,NOT,"224.15193,11.53",TRUE,224.15193,11.53,0.099,5,1,718673231.2,F21,LBH,"224.15193,11.53",7.555714049
TRUE,310.26125,11.534,0.083,2,1,51252995.67,F40,NOT,"310.26125,11.534",TRUE,310.26125,11.534,0.089,2,1,29871736.35,F18,LBH,"310.26125,11.534",0.582829081
TRUE,361.31828,11.541,0.133,2,1,42409937.71,F41,NOT,"361.31828,11.541",TRUE,361.31828,11.541,0.139,2,1,44145872.95,F18,LBH,"361.31828,11.541",1.040932275
TRUE,369.23577,11.559,0.098,2,1,11836436.71,F36,NOT,"369.23577,11.559",TRUE,369.23577,11.559,0.093,2,1,11454793.81,F14,LBH,"369.23577,11.559",0.967756943
TRUE,635.40831,11.59,0.091,2,1,9300555.955,F39,NOT,"635.40831,11.59",TRUE,635.40831,11.59,0.079,2,1,16386241.06,F15,LBH,"635.40831,11.59",1.76185608
TRUE,268.25105,11.618,0.073,2,1,16223391.24,F37,NOT,"268.25105,11.618",TRUE,268.25105,11.618,0.075,2,1,39133886.44,F14,LBH,"268.25105,11.618",2.412189034
TRUE,537.42357,11.632,0.113,3,1,74346593.25,F36,NOT,"537.42357,11.632",TRUE,537.42357,11.632,0.126,3,1,76620928.68,F14,LBH,"537.42357,11.632",1.030590984
TRUE,573.27703,11.673,0.062,2,1,6519010.941,F41,NOT,"573.27703,11.673",TRUE,573.27703,11.673,0.077,2,1,8583095.78,F24,LBH,"573.27703,11.673",1.31662546
TRUE,382.28197,11.685,0.091,2,1,16431368.87,F41,NOT,"382.28197,11.685",TRUE,382.28197,11.685,0.091,2,1,21917088.69,F24,LBH,"382.28197,11.685",1.333856532
TRUE,336.21422,11.7,0.076,3,3,341092152.4,F39,NOT,"336.21422,11.7",TRUE,336.21422,11.7,0.081,3,3,445407605.1,F16,LBH,"336.21422,11.7",1.305827771
TRUE,488.15572,11.754,0.069,3,2,71492197.92,F41,NOT,"488.15572,11.754",TRUE,488.15572,11.754,0.072,3,2,47660222.74,F23,LBH,"488.15572,11.754",0.666649287
TRUE,384.26128,11.777,0.078,3,1,154715365.9,F41,NOT,"384.26128,11.777",TRUE,384.26128,11.777,0.079,2,2,88841741.1,F22,LBH,"384.26128,11.777",0.574227004
TRUE,380.23989,11.799,0.077,3,2,190009588.6,F43,NOT,"380.23989,11.799",TRUE,380.23989,11.799,0.074,3,2,372107058.1,F22,LBH,"380.23989,11.799",1.958359369
TRUE,172.10947,11.801,0.166,2,2,67961958.27,F41,NOT,"172.10947,11.801",TRUE,172.10947,11.801,0.201,2,2,60610871.05,F24,LBH,"172.10947,11.801",0.891835265
TRUE,436.2298,11.807,0.069,3,2,263144588.3,F44,NOT,"436.2298,11.807",TRUE,436.2298,11.807,0.073,3,2,423180492.2,F18,LBH,"436.2298,11.807",1.608167186
TRUE,167.13075,11.935,0.11,3,2,1373536295,F39,NOT,"167.13075,11.935",TRUE,167.13075,11.935,0.125,3,1,395255265.9,F17,LBH,"167.13075,11.935",0.287764704
TRUE,212.18852,11.938,0.105,2,1,24120956.41,F39,NOT,"212.18852,11.938",TRUE,212.18852,11.938,0.111,2,1,12817434.07,F16,LBH,"212.18852,11.938",0.531381669
TRUE,322.23625,11.953,0.073,2,1,9217811.06,F37,NOT,"322.23625,11.953",TRUE,322.23625,11.953,0.072,2,1,46356534.2,F15,LBH,"322.23625,11.953",5.029017616
TRUE,324.27675,11.996,0.08,3,3,377621294.8,F41,NOT,"324.27675,11.996",TRUE,324.27675,11.996,0.077,3,2,202766421.2,F23,LBH,"324.27675,11.996",0.536957063
TRUE,331.1985,12.009,0.082,2,1,134471970,F44,NOT,"331.1985,12.009",TRUE,331.1985,12.009,0.081,2,1,146366203.3,F22,LBH,"331.1985,12.009",1.088451395
TRUE,291.21895,12.04,0.074,2,1,10715601.25,F44,NOT,"291.21895,12.04",TRUE,291.21895,12.04,0.073,2,1,27535070.78,F21,LBH,"291.21895,12.04",2.569624432
TRUE,214.08456,12.065,0.115,2,1,37096077.63,F36,NOT,"214.08456,12.065",TRUE,214.08456,12.065,0.132,3,1,57874399.43,F16,LBH,"214.08456,12.065",1.560121801
TRUE,284.00179,12.096,0.091,3,1,17479922.27,F40,NOT,"284.00179,12.096",TRUE,284.00179,12.096,0.091,2,1,17371570.65,F15,LBH,"284.00179,12.096",0.993801367
TRUE,338.25609,12.133,0.078,2,1,67470781.62,F44,NOT,"338.25609,12.133",TRUE,338.25609,12.133,0.091,2,1,52853629.13,F18,LBH,"338.25609,12.133",0.783355815
TRUE,294.14604,12.136,0.135,2,1,17666312.57,F44,NOT,"294.14604,12.136",TRUE,294.14604,12.136,0.134,2,2,41766046.35,F18,LBH,"294.14604,12.136",2.364163217
TRUE,284.17314,12.151,0.103,2,1,73780003.53,F38,NOT,"284.17314,12.151",TRUE,284.17314,12.151,0.119,2,1,27653152.64,F16,LBH,"284.17314,12.151",0.374805521
TRUE,136.05159,12.167,0.121,3,1,174660812.8,F37,NOT,"136.05159,12.167",TRUE,136.05159,12.167,0.104,3,1,230889073,F15,LBH,"136.05159,12.167",1.321928309
TRUE,260.01238,12.18,0.132,3,1,45961171.41,F36,NOT,"260.01238,12.18",TRUE,260.01238,12.18,0.134,3,1,45989888.66,F15,LBH,"260.01238,12.18",1.000624815
TRUE,550.12345,12.184,0.081,3,1,32265212.06,F42,NOT,"550.12345,12.184",TRUE,550.12345,12.184,0.075,3,1,31448301.52,F23,LBH,"550.12345,12.184",0.974681383
TRUE,256.16677,12.204,0.115,2,1,9895705.284,F41,NOT,"256.16677,12.204",TRUE,256.16677,12.204,0.099,2,1,7648288.201,F18,LBH,"256.16677,12.204",0.772889651
TRUE,424.29256,12.213,0.112,2,1,69366197.76,F41,NOT,"424.29256,12.213",TRUE,424.29256,12.213,0.118,2,1,229395708.5,F21,LBH,"424.29256,12.213",3.3070244
TRUE,265.16692,12.215,0.106,2,1,27064313.59,F45,NOT,"265.16692,12.215",TRUE,265.16692,12.215,0.115,2,1,12049015.68,F22,LBH,"265.16692,12.215",0.445199382
TRUE,354.25124,12.222,0.122,2,1,10867343.79,F37,NOT,"354.25124,12.222",TRUE,354.25124,12.222,0.1,2,1,21337430.11,F17,LBH,"354.25124,12.222",1.963444842
TRUE,217.16742,12.229,0.076,2,1,10280933.67,F40,NOT,"217.16742,12.229",TRUE,217.16742,12.229,0.103,2,1,16501206.79,F16,LBH,"217.16742,12.229",1.605029983
TRUE,281.19869,12.263,0.1,2,1,24436631.19,F38,NOT,"281.19869,12.263",TRUE,281.19869,12.263,0.094,2,1,9814620.14,F14,LBH,"281.19869,12.263",0.401635564
TRUE,149.08376,12.269,0.136,2,1,29274535.22,F41,NOT,"149.08376,12.269",TRUE,149.08376,12.269,0.143,2,2,32178994.39,F23,LBH,"149.08376,12.269",1.099214527
TRUE,412.32948,12.295,0.108,2,1,15208470.68,F40,NOT,"412.32948,12.295",TRUE,412.32948,12.295,0.098,2,1,9439823.137,F14,LBH,"412.32948,12.295",0.620695094
TRUE,556.37096,12.355,0.177,3,1,116028255.1,F45,NOT,"556.37096,12.355",TRUE,556.37096,12.355,0.177,3,1,80317104.73,F22,LBH,"556.37096,12.355",0.692220224
TRUE,337.04811,12.364,0.067,2,1,23818537.17,F44,NOT,"337.04811,12.364",TRUE,337.04811,12.364,0.074,2,1,19354261.13,F24,LBH,"337.04811,12.364",0.81257136
TRUE,198.05232,12.368,0.038,2,2,176066515.5,F41,NOT,"198.05232,12.368",TRUE,198.05232,12.368,0.072,3,1,253827590.3,F19,LBH,"198.05232,12.368",1.441657374
TRUE,464.36031,12.372,0.109,2,1,24544153.39,F41,NOT,"464.36031,12.372",TRUE,464.36031,12.372,0.11,3,1,113312221.8,F21,LBH,"464.36031,12.372",4.616668581
TRUE,207.08902,12.417,0.086,2,1,37916421.42,F45,NOT,"207.08902,12.417",TRUE,207.08902,12.417,0.095,2,1,57877231.88,F24,LBH,"207.08902,12.417",1.526442362
TRUE,247.14119,12.421,0.163,2,1,24351600.53,F41,NOT,"247.14119,12.421",TRUE,247.14119,12.421,0.19,2,1,21580335.54,F22,LBH,"247.14119,12.421",0.88619783
TRUE,294.05385,12.437,0.087,3,1,34155809.21,F41,NOT,"294.05385,12.437",TRUE,294.05385,12.437,0.093,2,1,13171703.31,F24,LBH,"294.05385,12.437",0.385635815
TRUE,409.28246,12.453,0.12,2,1,39633374.53,F36,NOT,"409.28246,12.453",TRUE,409.28246,12.453,0.136,2,1,12298242.52,F14,LBH,"409.28246,12.453",0.310300162
TRUE,216.13587,12.455,0.084,3,3,172314243.6,F37,NOT,"216.13587,12.455",TRUE,216.13587,12.455,0.072,3,2,154929446.9,F17,LBH,"216.13587,12.455",0.899109927
TRUE,640.39195,12.464,0.157,3,1,104063929,F42,NOT,"640.39195,12.464",TRUE,640.39195,12.464,0.139,3,1,23222619.04,F19,LBH,"640.39195,12.464",0.223157239
TRUE,540.16861,12.478,0.067,2,1,12960314.17,F41,NOT,"540.16861,12.478",TRUE,540.16861,12.478,0.091,2,1,26282050.78,F21,LBH,"540.16861,12.478",2.027886858
TRUE,124.05242,12.479,0.11,2,1,43388229.04,F39,NOT,"124.05242,12.479",TRUE,124.05242,12.479,0.108,1,2,155390502.5,F21,LBH,"124.05242,12.479",3.581397673
TRUE,373.06883,12.482,0.081,2,1,11384491.19,F40,NOT,"373.06883,12.482",TRUE,373.06883,12.482,0.091,2,1,7213521.375,F14,LBH,"373.06883,12.482",0.633627033
TRUE,443.33638,12.516,0.12,2,1,22980052.75,F40,NOT,"443.33638,12.516",TRUE,443.33638,12.516,0.105,2,1,10162854.47,F16,LBH,"443.33638,12.516",0.442246786
TRUE,216.11447,12.524,0.068,2,2,82405712.37,F42,NOT,"216.11447,12.524",TRUE,216.11447,12.524,0.071,2,2,75226371.83,F23,LBH,"216.11447,12.524",0.912878121
TRUE,280.17787,12.524,0.076,3,1,26990083.98,F41,NOT,"280.17787,12.524",TRUE,280.17787,12.524,0.076,2,1,26410113.31,F24,LBH,"280.17787,12.524",0.978511713
TRUE,280.178,12.524,0.078,2,1,24649624.28,F40,NOT,"280.178,12.524",TRUE,280.178,12.524,0.075,3,1,45281673.91,F18,LBH,"280.178,12.524",1.837012743
TRUE,313.15196,12.525,0.087,2,1,50429424.75,F37,NOT,"313.15196,12.525",TRUE,313.15196,12.525,0.074,3,1,103389970.7,F16,LBH,"313.15196,12.525",2.050191356
TRUE,202.12016,12.527,0.087,2,1,7280018.168,F37,NOT,"202.12016,12.527",TRUE,202.12016,12.527,0.081,2,1,12238443.29,F15,LBH,"202.12016,12.527",1.681100652
TRUE,368.30284,12.536,0.088,2,1,16039925.96,F41,NOT,"368.30284,12.536",TRUE,368.30284,12.536,0.087,2,1,50758879.7,F21,LBH,"368.30284,12.536",3.164533292
TRUE,448.29244,12.547,0.104,2,1,26847503.41,F44,NOT,"448.29244,12.547",TRUE,448.29244,12.547,0.082,3,1,36715384.07,F24,LBH,"448.29244,12.547",1.367553009
TRUE,156.07836,12.567,0.093,2,2,123179846.6,F43,NOT,"156.07836,12.567",TRUE,156.07836,12.567,0.081,2,2,180247208.1,F24,LBH,"156.07836,12.567",1.463284889
TRUE,258.14595,12.589,0.148,2,1,131120793.2,F43,NOT,"258.14595,12.589",TRUE,258.14595,12.589,0.082,2,1,18758811.07,F17,LBH,"258.14595,12.589",0.143065113
TRUE,236.15224,12.604,0.097,2,2,129527273.3,F43,NOT,"236.15224,12.604",TRUE,236.15224,12.604,0.083,2,1,130833149.1,F24,LBH,"236.15224,12.604",1.01008186
TRUE,416.06337,12.629,0.093,4,1,24386515.19,F44,NOT,"416.06337,12.629",TRUE,416.06337,12.629,0.083,4,1,29541385.01,F19,LBH,"416.06337,12.629",1.211381978
TRUE,306.17924,12.636,0.072,3,1,22166602.57,F39,NOT,"306.17924,12.636",TRUE,306.17924,12.636,0.071,2,1,16427264.81,F15,LBH,"306.17924,12.636",0.741081758
TRUE,477.25588,12.641,0.072,2,1,61834393.75,F45,NOT,"477.25588,12.641",TRUE,477.25588,12.641,0.07,4,1,2401681679,F22,LBH,"477.25588,12.641",38.84054704
TRUE,388.17204,12.654,0.08,3,3,441936007.1,F43,NOT,"388.17204,12.654",TRUE,388.17204,12.654,0.087,3,2,669714807.1,F22,LBH,"388.17204,12.654",1.515411273
TRUE,415.08104,12.663,0.106,2,1,27007273.07,F45,NOT,"415.08104,12.663",TRUE,415.08104,12.663,0.104,2,1,25032658.66,F19,LBH,"415.08104,12.663",0.926885828
TRUE,627.22261,12.664,0.069,3,1,18758638.05,F42,NOT,"627.22261,12.664",TRUE,627.22261,12.664,0.057,3,1,13283626.33,F21,LBH,"627.22261,12.664",0.708133837
TRUE,140.08278,12.665,0.099,2,1,30658777.56,F45,NOT,"140.08278,12.665",TRUE,140.08278,12.665,0.106,2,1,99317208.64,F21,LBH,"140.08278,12.665",3.239437986
TRUE,258.14684,12.668,0.093,4,4,3972814686,F36,NOT,"258.14684,12.668",TRUE,258.14684,12.668,0.092,4,3,1307325475,F16,LBH,"258.14684,12.668",0.329067822
TRUE,156.0785,12.685,0.092,2,2,149866857.3,F39,NOT,"156.0785,12.685",TRUE,156.0785,12.685,0.099,2,2,103393815.2,F15,LBH,"156.0785,12.685",0.689904473
TRUE,195.04477,12.736,0.087,4,1,75804639.72,F38,NOT,"195.04477,12.736",TRUE,195.04477,12.736,0.08,4,1,73597743.1,F17,LBH,"195.04477,12.736",0.970887051
TRUE,412.32894,12.753,0.128,2,1,51512134.81,F41,NOT,"412.32894,12.753",TRUE,412.32894,12.753,0.119,3,1,82754937.08,F24,LBH,"412.32894,12.753",1.606513444
TRUE,238.12015,12.823,0.085,3,3,183168128,F37,NOT,"238.12015,12.823",TRUE,238.12015,12.823,0.095,2,3,198166719.4,F15,LBH,"238.12015,12.823",1.081884286
TRUE,240.13571,12.827,0.104,3,2,376202639.9,F39,NOT,"240.13571,12.827",TRUE,240.13571,12.827,0.097,2,1,100081233.3,F17,LBH,"240.13571,12.827",0.26603012
TRUE,299.17269,12.875,0.139,3,1,18058934.93,F39,NOT,"299.17269,12.875",TRUE,299.17269,12.875,0.113,2,1,17376387.52,F15,LBH,"299.17269,12.875",0.962204448
TRUE,242.05801,12.891,0.071,2,1,11037625.53,F35,NOT,"242.05801,12.891",TRUE,242.05801,12.891,0.089,2,1,13282974.94,F17,LBH,"242.05801,12.891",1.203426852
TRUE,190.15657,12.895,0.084,2,2,16746981.52,F39,NOT,"190.15657,12.895",TRUE,190.15657,12.895,0.082,2,1,12870841.66,F15,LBH,"190.15657,12.895",0.768546955
TRUE,186.10405,12.941,0.102,2,1,24883289.97,F42,NOT,"186.10405,12.941",TRUE,186.10405,12.941,0.094,2,1,13945045.37,F21,LBH,"186.10405,12.941",0.560418071
TRUE,442.17754,12.951,0.066,4,2,253832068.1,F39,NOT,"442.17754,12.951",TRUE,442.17754,12.951,0.062,3,2,127991784.6,F18,LBH,"442.17754,12.951",0.50423804
TRUE,234.11015,12.955,0.078,2,2,93939579.92,F39,NOT,"234.11015,12.955",TRUE,234.11015,12.955,0.075,2,2,92991804.57,F18,LBH,"234.11015,12.955",0.989910799
TRUE,283.03783,12.956,0.107,3,1,18640534.04,F45,NOT,"283.03783,12.956",TRUE,283.03783,12.956,0.093,3,1,12163311.09,F23,LBH,"283.03783,12.956",0.652519454
TRUE,138.03156,12.979,0.111,3,2,497199816.4,F38,NOT,"138.03156,12.979",TRUE,138.03156,12.979,0.104,2,1,64905383.26,F15,LBH,"138.03156,12.979",0.130541849
TRUE,224.11975,13,0.073,2,1,42916445.6,F39,NOT,"224.11975,13",TRUE,224.11975,13,0.081,2,1,6829171.163,F17,LBH,"224.11975,13",0.159127138
TRUE,380.18263,13.166,0.126,2,1,13771273.3,F40,NOT,"380.18263,13.166",TRUE,380.18263,13.166,0.14,2,1,12402884.43,F19,LBH,"380.18263,13.166",0.900634543
TRUE,596.40245,13.216,0.122,2,1,11548305.64,F44,NOT,"596.40245,13.216",TRUE,596.40245,13.216,0.143,2,1,23587983.86,F18,LBH,"596.40245,13.216",2.042549322
TRUE,327.11226,13.218,0.087,2,1,14647959.11,F45,NOT,"327.11226,13.218",TRUE,327.11226,13.218,0.088,2,1,8974390.755,F24,LBH,"327.11226,13.218",0.612671751
TRUE,192.15107,13.22,0.098,2,2,192847656.9,F42,NOT,"192.15107,13.22",TRUE,192.15107,13.22,0.091,2,2,209533682.5,F21,LBH,"192.15107,13.22",1.086524389
TRUE,184.14583,13.221,0.089,2,1,25478417.45,F38,NOT,"184.14583,13.221",TRUE,184.14583,13.221,0.086,2,1,24964053.04,F16,LBH,"184.14583,13.221",0.97981176
TRUE,182.1667,13.222,0.1,2,2,66418998.4,F44,NOT,"182.1667,13.222",TRUE,182.1667,13.222,0.106,2,2,60593116.28,F24,LBH,"182.1667,13.222",0.912285908
TRUE,534.41319,13.234,0.13,3,1,28463861.01,F45,NOT,"534.41319,13.234",TRUE,534.41319,13.234,0.15,3,1,55099977.61,F21,LBH,"534.41319,13.234",1.935787193
TRUE,240.11438,13.238,0.081,2,1,34223881.37,F38,NOT,"240.11438,13.238",TRUE,240.11438,13.238,0.077,2,1,17972303.55,F18,LBH,"240.11438,13.238",0.525139255
TRUE,312.15636,13.243,0.097,2,2,237052264.2,F45,NOT,"312.15636,13.243",TRUE,312.15636,13.243,0.1,2,2,218215184.7,F24,LBH,"312.15636,13.243",0.920536176
TRUE,293.27098,13.246,0.076,2,1,31108649.97,F45,NOT,"293.27098,13.246",TRUE,293.27098,13.246,0.067,2,1,14943712.77,F23,LBH,"293.27098,13.246",0.480371626
TRUE,293.27098,13.246,0.067,2,1,20525632.8,F43,NOT,"293.27098,13.246",TRUE,293.27098,13.246,0.067,2,1,14943712.77,F23,LBH,"293.27098,13.246",0.728051257
TRUE,194.09404,13.259,0.091,2,2,65656626.32,F37,NOT,"194.09404,13.259",TRUE,194.09404,13.259,0.089,2,2,119876143,F16,LBH,"194.09404,13.259",1.825804183
TRUE,672.30864,13.288,0.127,3,1,23606869.58,F42,NOT,"672.30864,13.288",TRUE,672.30864,13.288,0.131,2,1,14967966.96,F21,LBH,"672.30864,13.288",0.634051326
TRUE,413.24022,13.305,0.093,3,1,66594917.45,F41,NOT,"413.24022,13.305",TRUE,413.24022,13.305,0.096,3,1,58984090.66,F23,LBH,"413.24022,13.305",0.8857146
TRUE,257.09297,13.311,0.066,3,1,8403995.187,F40,NOT,"257.09297,13.311",TRUE,257.09297,13.311,0.068,3,1,11516193.02,F17,LBH,"257.09297,13.311",1.37032361
TRUE,226.01456,13.318,0.073,2,1,11739321.78,F37,NOT,"226.01456,13.318",TRUE,226.01456,13.318,0.074,2,1,10005733.4,F16,LBH,"226.01456,13.318",0.85232636
TRUE,468.35509,13.327,0.113,2,1,10393529.2,F43,NOT,"468.35509,13.327",TRUE,468.35509,13.327,0.113,3,1,22872573.42,F24,LBH,"468.35509,13.327",2.200655136
TRUE,766.22287,13.367,0.081,4,1,46098476.17,F42,NOT,"766.22287,13.367",TRUE,766.22287,13.367,0.081,4,1,30409013.27,F19,LBH,"766.22287,13.367",0.659653329
TRUE,750.25034,13.373,0.084,3,1,22091052.4,F41,NOT,"750.25034,13.373",TRUE,750.25034,13.373,0.08,3,1,16740055.06,F22,LBH,"750.25034,13.373",0.757775354
TRUE,321.24455,13.373,0.067,2,1,8461284.751,F45,NOT,"321.24455,13.373",TRUE,321.24455,13.373,0.075,2,1,9734210.047,F24,LBH,"321.24455,13.373",1.150441137
TRUE,766.22318,13.376,0.089,2,1,18863937.22,F39,NOT,"766.22318,13.376",TRUE,766.22318,13.376,0.085,4,1,17187809.77,F17,LBH,"766.22318,13.376",0.911146468
TRUE,298.17712,13.382,0.077,2,3,83568148.37,F41,NOT,"298.17712,13.382",TRUE,298.17712,13.382,0.078,2,3,228336150.1,F21,LBH,"298.17712,13.382",2.732334682
TRUE,237.13587,13.382,0.078,2,1,15030876.61,F41,NOT,"237.13587,13.382",TRUE,237.13587,13.382,0.074,2,1,12396224.58,F19,LBH,"237.13587,13.382",0.82471734
TRUE,244.16738,13.385,0.056,3,2,177321225.9,F36,NOT,"244.16738,13.385",TRUE,244.16738,13.385,0.06,3,2,175016035.7,F15,LBH,"244.16738,13.385",0.98699992
TRUE,194.13039,13.396,0.068,2,1,53505268.58,F40,NOT,"194.13039,13.396",TRUE,194.13039,13.396,0.073,2,1,49447176.3,F17,LBH,"194.13039,13.396",0.924155277
TRUE,150.14052,13.399,0.066,2,1,43350190.47,F42,NOT,"150.14052,13.399",TRUE,150.14052,13.399,0.068,2,1,53799907.71,F21,LBH,"150.14052,13.399",1.241053548
TRUE,204.11479,13.427,0.063,2,1,29168262.8,F38,NOT,"204.11479,13.427",TRUE,204.11479,13.427,0.069,2,1,28132086.97,F15,LBH,"204.11479,13.427",0.964475916
TRUE,670.26755,13.521,0.078,3,1,59030627.63,F36,NOT,"670.26755,13.521",TRUE,670.26755,13.521,0.077,3,1,67498528.88,F15,LBH,"670.26755,13.521",1.143449284
TRUE,694.30592,13.522,0.075,4,1,490650355.4,F40,NOT,"694.30592,13.522",TRUE,694.30592,13.522,0.049,4,1,257505123.4,F14,LBH,"694.30592,13.522",0.524824084
TRUE,713.22019,13.523,0.079,2,1,130676920.2,F41,NOT,"713.22019,13.523",TRUE,713.22019,13.523,0.081,2,1,126784058.4,F24,LBH,"713.22019,13.523",0.970210028
TRUE,345.14262,13.531,0.08,2,1,12964520.74,F40,NOT,"345.14262,13.531",TRUE,345.14262,13.531,0.063,2,1,11688184.14,F14,LBH,"345.14262,13.531",0.901551579
TRUE,272.16261,13.534,0.075,2,1,105328971.7,F40,NOT,"272.16261,13.534",TRUE,272.16261,13.534,0.065,2,1,46792136.15,F14,LBH,"272.16261,13.534",0.444247536
TRUE,325.27599,13.602,0.066,2,1,19535867.95,F45,NOT,"325.27599,13.602",TRUE,325.27599,13.602,0.065,2,1,11747429.93,F23,LBH,"325.27599,13.602",0.601326235
TRUE,214.06274,13.603,0.068,2,1,16571301.56,F37,NOT,"214.06274,13.603",TRUE,214.06274,13.603,0.068,2,2,19472116.32,F14,LBH,"214.06274,13.603",1.175050508
TRUE,176.04706,13.604,0.073,2,1,72937211.26,F38,NOT,"176.04706,13.604",TRUE,176.04706,13.604,0.069,2,1,106331955.9,F18,LBH,"176.04706,13.604",1.457856066
TRUE,508.42342,13.605,0.094,3,1,173367012.3,F39,NOT,"508.42342,13.605",TRUE,508.42342,13.605,0.098,3,1,299516916.2,F18,LBH,"508.42342,13.605",1.727646524
TRUE,389.16862,13.607,0.07,3,1,158670658.1,F42,NOT,"389.16862,13.607",TRUE,389.16862,13.607,0.09,2,1,19998126.51,F17,LBH,"389.16862,13.607",0.126035442
TRUE,234.08856,13.608,0.084,3,1,585874387.4,F45,NOT,"234.08856,13.608",TRUE,234.08856,13.608,0.089,4,2,419364948.2,F23,LBH,"234.08856,13.608",0.715793278
TRUE,209.10489,13.613,0.107,2,1,10500378.12,F37,NOT,"209.10489,13.613",TRUE,209.10489,13.613,0.107,2,1,30138131.79,F16,LBH,"209.10489,13.613",2.870194906
TRUE,224.10013,13.618,0.09,3,1,17695541.27,F37,NOT,"224.10013,13.618",TRUE,224.10013,13.618,0.094,2,1,14865768.36,F16,LBH,"224.10013,13.618",0.840085541
TRUE,333.3022,13.618,0.056,2,1,17153308.53,F41,NOT,"333.3022,13.618",TRUE,333.3022,13.618,0.063,2,1,29320623,F21,LBH,"333.3022,13.618",1.709327559
TRUE,609.352,13.619,0.061,3,1,38709594.37,F41,NOT,"609.352,13.619",TRUE,609.352,13.619,0.06,3,1,162289761.3,F21,LBH,"609.352,13.619",4.192494495
TRUE,348.20821,13.621,0.08,5,2,113152745.6,F41,NOT,"348.20821,13.621",TRUE,348.20821,13.621,0.067,2,1,13825196.52,F24,LBH,"348.20821,13.621",0.122181715
TRUE,353.21349,13.622,0.061,2,1,12716391.49,F45,NOT,"353.21349,13.622",TRUE,353.21349,13.622,0.063,2,1,11223210.16,F24,LBH,"353.21349,13.622",0.88257822
TRUE,348.20821,13.623,0.07,4,2,64757153.24,F44,NOT,"348.20821,13.623",TRUE,348.20821,13.623,0.064,3,1,20642358.76,F23,LBH,"348.20821,13.623",0.318765692
TRUE,282.0873,13.626,0.09,4,1,94222658.02,F38,NOT,"282.0873,13.626",TRUE,282.0873,13.626,0.074,4,1,23245177.03,F17,LBH,"282.0873,13.626",0.246704747
TRUE,567.42412,13.626,0.073,3,1,85658565.87,F36,NOT,"567.42412,13.626",TRUE,567.42412,13.626,0.076,3,1,36130021.42,F16,LBH,"567.42412,13.626",0.421791108
TRUE,224.1001,13.627,0.083,2,1,11662539.7,F36,NOT,"224.1001,13.627",TRUE,224.1001,13.627,0.08,2,1,16773677.59,F17,LBH,"224.1001,13.627",1.438252561
TRUE,240.06301,13.628,0.081,2,2,56600987.74,F39,NOT,"240.06301,13.628",TRUE,240.06301,13.628,0.08,3,3,65248785.81,F18,LBH,"240.06301,13.628",1.152785285
TRUE,268.07494,13.628,0.078,3,1,42030259.91,F36,NOT,"268.07494,13.628",TRUE,268.07494,13.628,0.08,4,1,47704435.21,F16,LBH,"268.07494,13.628",1.135002146
TRUE,135.10472,13.631,0.078,3,1,492106259.8,F36,NOT,"135.10472,13.631",TRUE,135.10472,13.631,0.078,2,1,144379945.6,F16,LBH,"135.10472,13.631",0.293391809
TRUE,135.10463,13.631,0.077,2,1,415224668.7,F39,NOT,"135.10463,13.631",TRUE,135.10463,13.631,0.074,2,1,278084982.7,F19,LBH,"135.10463,13.631",0.669721728
TRUE,314.13685,13.643,0.102,2,1,114688160.2,F38,NOT,"314.13685,13.643",TRUE,314.13685,13.643,0.111,2,1,40778986.11,F17,LBH,"314.13685,13.643",0.355564045
TRUE,298.18831,13.66,0.11,2,1,63008832.49,F45,NOT,"298.18831,13.66",TRUE,298.18831,13.66,0.112,2,1,40582538.96,F23,LBH,"298.18831,13.66",0.644076987
TRUE,182.05753,13.672,0.07,2,2,77667860.74,F45,NOT,"182.05753,13.672",TRUE,182.05753,13.672,0.065,2,2,60183039.34,F22,LBH,"182.05753,13.672",0.774877005
TRUE,124.0525,13.711,0.072,2,1,21726065.14,F36,NOT,"124.0525,13.711",TRUE,124.0525,13.711,0.077,2,1,33210808.94,F14,LBH,"124.0525,13.711",1.528615915
TRUE,198.12526,13.72,0.069,2,2,51108756.29,F39,NOT,"198.12526,13.72",TRUE,198.12526,13.72,0.068,2,2,47736208.84,F15,LBH,"198.12526,13.72",0.934012336
TRUE,249.1721,13.724,0.06,2,2,145017823.5,F41,NOT,"249.1721,13.724",TRUE,249.1721,13.724,0.061,2,2,61381833.25,F22,LBH,"249.1721,13.724",0.423270959
TRUE,388.20865,13.731,0.084,3,5,1007595115,F42,NOT,"388.20865,13.731",TRUE,388.20865,13.731,0.097,2,2,106224955.3,F19,LBH,"388.20865,13.731",0.105424246
TRUE,382.24721,13.731,0.112,3,1,86572334.33,F44,NOT,"382.24721,13.731",TRUE,382.24721,13.731,0.109,2,1,50345721.02,F16,LBH,"382.24721,13.731",0.581545148
TRUE,240.0628,13.732,0.088,2,2,81721436.94,F45,NOT,"240.0628,13.732",TRUE,240.0628,13.732,0.085,2,2,45398823.75,F22,LBH,"240.0628,13.732",0.555531394
TRUE,388.21007,13.733,0.08,4,5,895058118.9,F35,NOT,"388.21007,13.733",TRUE,388.21007,13.733,0.08,4,1,855266525.7,F22,LBH,"388.21007,13.733",0.955543006
TRUE,254.18751,13.743,0.104,2,2,64035913.98,F45,NOT,"254.18751,13.743",TRUE,254.18751,13.743,0.105,2,2,66602033.02,F22,LBH,"254.18751,13.743",1.040073123
TRUE,260.05689,13.788,0.05,1,2,18138863.82,F40,NOT,"260.05689,13.788",TRUE,260.05689,13.788,0.047,1,2,11009384.41,F15,LBH,"260.05689,13.788",0.606950056
TRUE,140.08351,13.792,0.065,3,1,1200050761,F38,NOT,"140.08351,13.792",TRUE,140.08351,13.792,0.058,2,1,652388824.4,F18,LBH,"140.08351,13.792",0.543634357
TRUE,391.23516,13.793,0.074,2,1,34534948.12,F40,NOT,"391.23516,13.793",TRUE,391.23516,13.793,0.065,2,1,10554450.74,F17,LBH,"391.23516,13.793",0.305616522
TRUE,168.15079,13.823,0.057,2,1,31735420.69,F37,NOT,"168.15079,13.823",TRUE,168.15079,13.823,0.053,2,1,34025813.04,F17,LBH,"168.15079,13.823",1.072171482
TRUE,316.18898,13.84,0.066,2,1,47214086.09,F37,NOT,"316.18898,13.84",TRUE,316.18898,13.84,0.063,2,1,329095949.9,F15,LBH,"316.18898,13.84",6.970291647
TRUE,310.22475,13.844,0.059,4,4,5186589431,F42,NOT,"310.22475,13.844",TRUE,310.22475,13.844,0.057,3,3,4213972302,F21,LBH,"310.22475,13.844",0.812474625
TRUE,326.1359,13.851,0.095,2,2,85342780.95,F38,NOT,"326.1359,13.851",TRUE,326.1359,13.851,0.092,2,2,113358266.7,F18,LBH,"326.1359,13.851",1.328270129
TRUE,906.36661,13.852,0.073,4,1,122061694.1,F40,NOT,"906.36661,13.852",TRUE,906.36661,13.852,0.083,5,1,171923552.4,F18,LBH,"906.36661,13.852",1.408497184
TRUE,864.39688,13.853,0.065,5,5,1306947554,F44,NOT,"864.39688,13.853",TRUE,864.39688,13.853,0.066,5,6,4028702643,F21,LBH,"864.39688,13.853",3.082528163
TRUE,326.13602,13.857,0.084,2,2,96011744.09,F36,NOT,"326.13602,13.857",TRUE,326.13602,13.857,0.083,2,2,70129911.59,F15,LBH,"326.13602,13.857",0.730430556
TRUE,418.23594,13.857,0.092,2,1,32749417.55,F37,NOT,"418.23594,13.857",TRUE,418.23594,13.857,0.094,3,1,119040249,F16,LBH,"418.23594,13.857",3.634881409
TRUE,435.26106,13.859,0.116,2,1,22052894.51,F42,NOT,"435.26106,13.859",TRUE,435.26106,13.859,0.101,2,1,25287533.98,F19,LBH,"435.26106,13.859",1.146676413
TRUE,193.10987,13.86,0.083,3,1,294370045.8,F44,NOT,"193.10987,13.86",TRUE,193.10987,13.86,0.12,2,1,408807898.2,F21,LBH,"193.10987,13.86",1.388755086
TRUE,244.20383,13.864,0.077,2,1,56980294.13,F38,NOT,"244.20383,13.864",TRUE,244.20383,13.864,0.047,2,1,24121868.1,F14,LBH,"244.20383,13.864",0.423337023
TRUE,302.17276,13.93,0.059,4,3,305736170.9,F45,NOT,"302.17276,13.93",TRUE,302.17276,13.93,0.058,3,4,71261021.23,F14,LBH,"302.17276,13.93",0.233080113
TRUE,172.03683,13.931,0.062,1,2,26446796.12,F41,NOT,"172.03683,13.931",TRUE,172.03683,13.931,0.06,2,2,56958708.19,F21,LBH,"172.03683,13.931",2.153709203
TRUE,382.24581,13.936,0.066,2,4,617904209.4,F42,NOT,"382.24581,13.936",TRUE,382.24581,13.936,0.067,3,2,249947747.3,F21,LBH,"382.24581,13.936",0.404508892
TRUE,190.13556,13.937,0.068,2,1,39252125.41,F35,NOT,"190.13556,13.937",TRUE,190.13556,13.937,0.074,2,1,92480454.26,F14,LBH,"190.13556,13.937",2.356062335
TRUE,249.11063,13.937,0.053,2,1,17919938.5,F45,NOT,"249.11063,13.937",TRUE,249.11063,13.937,0.065,2,1,20139784.33,F22,LBH,"249.11063,13.937",1.12387575
TRUE,381.26229,13.96,0.084,2,1,6835464.815,F37,NOT,"381.26229,13.96",TRUE,381.26229,13.96,0.079,2,1,43039984.26,F14,LBH,"381.26229,13.96",6.29657023
TRUE,453.23558,13.976,0.039,2,1,6398090.978,F44,NOT,"453.23558,13.976",TRUE,453.23558,13.976,0.111,2,1,18093105.65,F21,LBH,"453.23558,13.976",2.827891274
TRUE,292.13072,13.979,0.121,2,1,40872211.22,F36,NOT,"292.13072,13.979",TRUE,292.13072,13.979,0.129,2,2,32218009.44,F14,LBH,"292.13072,13.979",0.788261963
TRUE,196.07327,13.984,0.113,3,1,168781758.5,F38,NOT,"196.07327,13.984",TRUE,196.07327,13.984,0.12,3,1,100960427.9,F15,LBH,"196.07327,13.984",0.598171442
TRUE,1097.52329,13.987,0.065,2,1,14585269.9,F44,NOT,"1097.52329,13.987",TRUE,1097.52329,13.987,0.067,3,1,46179369.35,F21,LBH,"1097.52329,13.987",3.166164882
TRUE,1097.52463,13.996,0.065,3,1,26114919.35,F38,NOT,"1097.52463,13.996",TRUE,1097.52463,13.996,0.066,4,1,124133286.9,F14,LBH,"1097.52463,13.996",4.753347511
TRUE,112.05257,14.008,0.061,2,1,125829999.2,F38,NOT,"112.05257,14.008",TRUE,112.05257,14.008,0.066,2,1,36752508.89,F16,LBH,"112.05257,14.008",0.292080657
TRUE,242.11513,14.015,0.058,2,2,84208418.7,F37,NOT,"242.11513,14.015",TRUE,242.11513,14.015,0.058,2,2,237387768.9,F16,LBH,"242.11513,14.015",2.819050311
TRUE,108.09398,14.016,0.077,2,1,119340313.5,F44,NOT,"108.09398,14.016",TRUE,108.09398,14.016,0.079,2,1,96264234.34,F18,LBH,"108.09398,14.016",0.806636345
TRUE,112.05258,14.016,0.061,2,1,42199852.63,F35,NOT,"112.05258,14.016",TRUE,112.05258,14.016,0.061,2,1,58571482.28,F14,LBH,"112.05258,14.016",1.387954664
TRUE,254.15139,14.017,0.055,3,6,5324351383,F39,NOT,"254.15139,14.017",TRUE,254.15139,14.017,0.053,3,5,2491275435,F14,LBH,"254.15139,14.017",0.467902145
TRUE,208.07295,14.017,0.053,2,1,21946473.89,F45,NOT,"208.07295,14.017",TRUE,208.07295,14.017,0.049,2,1,11895316.13,F22,LBH,"208.07295,14.017",0.542014913
TRUE,124.08889,14.018,0.061,3,2,1554723570,F42,NOT,"124.08889,14.018",TRUE,124.08889,14.018,0.059,2,2,1292777813,F21,LBH,"124.08889,14.018",0.831516186
TRUE,152.08345,14.018,0.06,2,1,859245608.7,F42,NOT,"152.08345,14.018",TRUE,152.08345,14.018,0.057,2,1,670117945.3,F21,LBH,"152.08345,14.018",0.779891033
TRUE,312.15637,14.018,0.077,2,2,341777800.2,F45,NOT,"312.15637,14.018",TRUE,312.15637,14.018,0.074,2,2,173157698.3,F22,LBH,"312.15637,14.018",0.506638226
TRUE,260.12611,14.019,0.054,2,2,108863500,F36,NOT,"260.12611,14.019",TRUE,260.12611,14.019,0.064,2,1,21577598.45,F14,LBH,"260.12611,14.019",0.198207833
TRUE,110.03665,14.021,0.064,2,2,328856208.9,F42,NOT,"110.03665,14.021",TRUE,110.03665,14.021,0.063,2,2,269743281.5,F21,LBH,"110.03665,14.021",0.820246887
TRUE,114.04691,14.038,0.185,2,1,131445068.6,F45,NOT,"114.04691,14.038",TRUE,114.04691,14.038,0.167,2,1,50331130.52,F22,LBH,"114.04691,14.038",0.382906191
TRUE,321.19307,14.038,0.075,2,2,86731487.02,F44,NOT,"321.19307,14.038",TRUE,321.19307,14.038,0.08,2,2,40300664.15,F22,LBH,"321.19307,14.038",0.464660131
TRUE,219.12541,14.041,0.056,1,2,38979954.8,F44,NOT,"219.12541,14.041",TRUE,219.12541,14.041,0.071,1,2,25653146.03,F23,LBH,"219.12541,14.041",0.658111231
TRUE,283.17854,14.053,0.075,3,1,39248671,F40,NOT,"283.17854,14.053",TRUE,283.17854,14.053,0.079,2,1,12331296.81,F16,LBH,"283.17854,14.053",0.314183805
TRUE,148.05214,14.067,0.054,3,1,7493710958,F41,NOT,"148.05214,14.067",TRUE,148.05214,14.067,0.056,3,1,8676519319,F24,LBH,"148.05214,14.067",1.157840137
TRUE,148.05232,14.067,0.053,3,1,7186351447,F38,NOT,"148.05232,14.067",TRUE,148.05232,14.067,0.058,3,1,9425255098,F14,LBH,"148.05232,14.067",1.311549424
TRUE,314.11443,14.067,0.052,3,6,3638876625,F41,NOT,"314.11443,14.067",TRUE,314.11443,14.067,0.055,3,6,3915166185,F24,LBH,"314.11443,14.067",1.075927158
TRUE,529.32408,14.099,0.1,2,1,19822391.91,F40,NOT,"529.32408,14.099",TRUE,529.32408,14.099,0.084,2,1,10832161.46,F17,LBH,"529.32408,14.099",0.546460867
TRUE,340.18791,14.102,0.109,2,2,45537989.55,F39,NOT,"340.18791,14.102",TRUE,340.18791,14.102,0.119,2,2,25627901.48,F15,LBH,"340.18791,14.102",0.562780697
TRUE,398.22919,14.103,0.085,2,1,125925807.6,F42,NOT,"398.22919,14.103",TRUE,398.22919,14.103,0.091,2,4,191102989,F22,LBH,"398.22919,14.103",1.517583986
TRUE,644.37825,14.116,0.066,2,1,39982189.58,F40,NOT,"644.37825,14.116",TRUE,644.37825,14.116,0.067,2,1,11496493.26,F17,LBH,"644.37825,14.116",0.287540362
TRUE,266.11458,14.119,0.099,2,1,46093906.41,F45,NOT,"266.11458,14.119",TRUE,266.11458,14.119,0.107,2,1,56768271.64,F24,LBH,"266.11458,14.119",1.231578663
TRUE,124.05212,14.121,0.095,2,1,191511995.9,F38,NOT,"124.05212,14.121",TRUE,124.05212,14.121,0.093,2,1,147418365.6,F19,LBH,"124.05212,14.121",0.769760478
TRUE,368.183,14.122,0.092,2,1,295638917.5,F36,NOT,"368.183,14.122",TRUE,368.183,14.122,0.097,2,1,174688402.6,F14,LBH,"368.183,14.122",0.590884326
TRUE,276.09902,14.124,0.093,2,2,211111193.1,F41,NOT,"276.09902,14.124",TRUE,276.09902,14.124,0.096,2,2,401105422.1,F21,LBH,"276.09902,14.124",1.899972314
TRUE,230.09374,14.126,0.094,2,1,80532301.75,F45,NOT,"230.09374,14.126",TRUE,230.09374,14.126,0.098,2,1,52233864.55,F23,LBH,"230.09374,14.126",0.64860762
TRUE,198.05231,14.131,0.058,2,1,191034369.6,F43,NOT,"198.05231,14.131",TRUE,198.05231,14.131,0.062,2,1,215210556,F24,LBH,"198.05231,14.131",1.126554119
TRUE,441.12105,14.131,0.068,1,2,18621892.44,F44,NOT,"441.12105,14.131",TRUE,441.12105,14.131,0.059,1,2,16448994.33,F15,LBH,"441.12105,14.131",0.883314861
TRUE,391.2827,14.132,0.066,2,2,31487165.46,F38,NOT,"391.2827,14.132",TRUE,391.2827,14.132,0.071,2,2,40864111.57,F18,LBH,"391.2827,14.132",1.297802167
TRUE,370.15611,14.138,0.069,3,1,141994763.1,F43,NOT,"370.15611,14.138",TRUE,370.15611,14.138,0.076,3,1,87504125.94,F24,LBH,"370.15611,14.138",0.616248966
TRUE,335.20889,14.156,0.097,2,2,101687100.7,F38,NOT,"335.20889,14.156",TRUE,335.20889,14.156,0.108,2,2,91312663.08,F18,LBH,"335.20889,14.156",0.897976857
TRUE,343.23491,14.185,0.094,2,1,60137619.59,F41,NOT,"343.23491,14.185",TRUE,343.23491,14.185,0.066,2,1,95971180.66,F21,LBH,"343.23491,14.185",1.595859319
TRUE,214.09906,14.202,0.13,2,1,61687688.81,F38,NOT,"214.09906,14.202",TRUE,214.09906,14.202,0.131,2,1,26585695.11,F16,LBH,"214.09906,14.202",0.430972462
TRUE,324.19313,14.202,0.06,2,1,28074849.65,F40,NOT,"324.19313,14.202",TRUE,324.19313,14.202,0.065,2,1,38853292.2,F15,LBH,"324.19313,14.202",1.383918086
TRUE,324.19325,14.203,0.069,3,1,41105928.48,F36,NOT,"324.19325,14.203",TRUE,324.19325,14.203,0.062,2,1,34786136.21,F14,LBH,"324.19325,14.203",0.846255942
TRUE,277.20354,14.212,0.052,3,1,114160522.1,F44,NOT,"277.20354,14.212",TRUE,277.20354,14.212,0.051,3,1,121730873.1,F18,LBH,"277.20354,14.212",1.066313213
TRUE,277.20342,14.214,0.052,4,1,256007185.7,F42,NOT,"277.20342,14.214",TRUE,277.20342,14.214,0.054,3,1,71452062.67,F22,LBH,"277.20342,14.214",0.279101786
TRUE,277.20342,14.214,0.052,3,1,119995373.2,F41,NOT,"277.20342,14.214",TRUE,277.20342,14.214,0.054,3,1,71452062.67,F22,LBH,"277.20342,14.214",0.595456814
TRUE,277.20342,14.214,0.052,2,1,83783818.36,F45,NOT,"277.20342,14.214",TRUE,277.20342,14.214,0.054,3,1,71452062.67,F22,LBH,"277.20342,14.214",0.85281459
TRUE,210.16157,14.218,0.066,2,4,483635844.2,F44,NOT,"210.16157,14.218",TRUE,210.16157,14.218,0.067,2,3,432284735,F18,LBH,"210.16157,14.218",0.89382278
TRUE,174.14075,14.218,0.062,2,1,117114168.3,F36,NOT,"174.14075,14.218",TRUE,174.14075,14.218,0.065,2,1,46032681.7,F14,LBH,"174.14075,14.218",0.393058179
TRUE,202.13532,14.221,0.112,2,1,24175215.76,F43,NOT,"202.13532,14.221",TRUE,202.13532,14.221,0.096,2,1,30014800.19,F22,LBH,"202.13532,14.221",1.241552526
TRUE,164.04698,14.222,0.063,2,1,93855765.53,F44,NOT,"164.04698,14.222",TRUE,164.04698,14.222,0.072,2,2,96078535.58,F24,LBH,"164.04698,14.222",1.023682829
TRUE,222.08857,14.23,0.097,2,2,304227902.3,F41,NOT,"222.08857,14.23",TRUE,222.08857,14.23,0.099,2,2,171276221.8,F23,LBH,"222.08857,14.23",0.562986565
TRUE,337.18849,14.239,0.074,2,1,36468105.19,F36,NOT,"337.18849,14.239",TRUE,337.18849,14.239,0.08,2,1,27737503.64,F14,LBH,"337.18849,14.239",0.760596239
TRUE,208.15704,14.239,0.088,2,1,15782846.42,F41,NOT,"208.15704,14.239",TRUE,208.15704,14.239,0.092,2,1,17566860.54,F24,LBH,"208.15704,14.239",1.113035005
TRUE,144.09357,14.249,0.145,2,1,69958133.8,F45,NOT,"144.09357,14.249",TRUE,144.09357,14.249,0.138,2,1,69883714.87,F22,LBH,"144.09357,14.249",0.998936236
TRUE,351.11269,14.257,0.066,4,1,35002047.79,F38,NOT,"351.11269,14.257",TRUE,351.11269,14.257,0.054,2,1,14159698.52,F17,LBH,"351.11269,14.257",0.404539146
TRUE,163.13582,14.259,0.081,3,1,244621511.4,F42,NOT,"163.13582,14.259",TRUE,163.13582,14.259,0.077,2,1,186599256,F21,LBH,"163.13582,14.259",0.762808041
TRUE,351.11229,14.262,0.055,3,2,75020491.25,F45,NOT,"351.11229,14.262",TRUE,351.11229,14.262,0.057,3,1,22515018.19,F22,LBH,"351.11229,14.262",0.300118245
TRUE,112.0878,14.292,0.063,2,1,24325671.4,F42,NOT,"112.0878,14.292",TRUE,112.0878,14.292,0.066,2,1,20199685.26,F21,LBH,"112.0878,14.292",0.830385519
TRUE,122.03681,14.297,0.06,2,1,292536193,F38,NOT,"122.03681,14.297",TRUE,122.03681,14.297,0.078,2,1,123258915.5,F17,LBH,"122.03681,14.297",0.421345866
TRUE,122.03681,14.299,0.06,2,1,201002987.6,F39,NOT,"122.03681,14.299",TRUE,122.03681,14.299,0.083,2,1,98235933.24,F16,LBH,"122.03681,14.299",0.488728722
TRUE,138.06782,14.303,0.055,2,2,648629462.3,F45,NOT,"138.06782,14.303",TRUE,138.06782,14.303,0.053,2,2,234386832.8,F22,LBH,"138.06782,14.303",0.361357056
TRUE,212.14069,14.307,0.055,2,1,21557773.94,F42,NOT,"212.14069,14.307",TRUE,212.14069,14.307,0.052,2,1,5684430.704,F22,LBH,"212.14069,14.307",0.263683566
TRUE,382.23598,14.313,0.114,4,1,326625737.3,F40,NOT,"382.23598,14.313",TRUE,382.23598,14.313,0.103,4,1,205097743.8,F17,LBH,"382.23598,14.313",0.627928912
TRUE,308.1982,14.315,0.053,2,1,135839029.3,F39,NOT,"308.1982,14.315",TRUE,308.1982,14.315,0.053,3,2,228422361.6,F15,LBH,"308.1982,14.315",1.681566504
TRUE,234.16178,14.327,0.052,3,2,322068106.2,F35,NOT,"234.16178,14.327",TRUE,234.16178,14.327,0.05,4,2,484797035.3,F14,LBH,"234.16178,14.327",1.505262477
TRUE,264.1718,14.328,0.094,2,1,32594281.9,F42,NOT,"264.1718,14.328",TRUE,264.1718,14.328,0.067,2,1,22113466.72,F23,LBH,"264.1718,14.328",0.678446201
TRUE,208.14586,14.343,0.049,2,1,64191177.87,F42,NOT,"208.14586,14.343",TRUE,208.14586,14.343,0.054,2,1,84863644.65,F21,LBH,"208.14586,14.343",1.322045294
TRUE,316.20305,14.367,0.075,2,1,48847611.57,F44,NOT,"316.20305,14.367",TRUE,316.20305,14.367,0.078,2,1,49717837.77,F18,LBH,"316.20305,14.367",1.017815123
TRUE,438.30824,14.369,0.064,3,1,120272560.2,F41,NOT,"438.30824,14.369",TRUE,438.30824,14.369,0.067,3,1,105873478.4,F22,LBH,"438.30824,14.369",0.880279577
TRUE,252.17215,14.376,0.106,2,1,21466802.37,F35,NOT,"252.17215,14.376",TRUE,252.17215,14.376,0.094,2,1,26511299.72,F16,LBH,"252.17215,14.376",1.234990627
TRUE,402.12541,14.379,0.067,3,1,16455548.55,F38,NOT,"402.12541,14.379",TRUE,402.12541,14.379,0.063,2,1,15065166.12,F16,LBH,"402.12541,14.379",0.915506771
TRUE,150.06781,14.398,0.056,2,1,127092915.6,F45,NOT,"150.06781,14.398",TRUE,150.06781,14.398,0.056,2,1,60430150.55,F22,LBH,"150.06781,14.398",0.475480087
TRUE,196.10979,14.419,0.062,2,1,22564152.67,F37,NOT,"196.10979,14.419",TRUE,196.10979,14.419,0.059,2,1,12590554.18,F14,LBH,"196.10979,14.419",0.55798923
TRUE,250.19255,14.443,0.061,2,3,117910595.7,F41,NOT,"250.19255,14.443",TRUE,250.19255,14.443,0.056,2,2,96399680.19,F24,LBH,"250.19255,14.443",0.817565882
TRUE,553.43291,14.458,0.053,2,1,24631768.13,F44,NOT,"553.43291,14.458",TRUE,553.43291,14.458,0.061,2,1,13287956.52,F24,LBH,"553.43291,14.458",0.539464177
TRUE,224.03504,14.468,0.06,3,1,19133439.78,F41,NOT,"224.03504,14.468",TRUE,224.03504,14.468,0.062,2,1,19289531.25,F23,LBH,"224.03504,14.468",1.008158045
TRUE,148.03717,14.469,0.052,3,2,53148057.94,F42,NOT,"148.03717,14.469",TRUE,148.03717,14.469,0.053,3,2,59039987.21,F24,LBH,"148.03717,14.469",1.110858788
TRUE,142.07804,14.471,0.077,2,1,27189162.15,F42,NOT,"142.07804,14.471",TRUE,142.07804,14.471,0.062,2,2,64961219.37,F17,LBH,"142.07804,14.471",2.389232114
TRUE,262.15624,14.474,0.065,2,1,14782888.94,F42,NOT,"262.15624,14.474",TRUE,262.15624,14.474,0.066,3,1,11509612.23,F21,LBH,"262.15624,14.474",0.778576656
TRUE,382.19817,14.489,0.051,2,1,63836901.38,F42,NOT,"382.19817,14.489",TRUE,382.19817,14.489,0.051,2,1,42378168.89,F23,LBH,"382.19817,14.489",0.663850656
TRUE,140.08372,14.494,0.075,2,3,184773587.8,F36,NOT,"140.08372,14.494",TRUE,140.08372,14.494,0.078,2,3,173919084,F17,LBH,"140.08372,14.494",0.941255112
TRUE,206.1667,14.495,0.056,2,1,29074315.53,F44,NOT,"206.1667,14.495",TRUE,206.1667,14.495,0.043,3,2,243021437.3,F19,LBH,"206.1667,14.495",8.3586297
TRUE,234.0522,14.495,0.055,2,1,19882324.07,F45,NOT,"234.0522,14.495",TRUE,234.0522,14.495,0.053,2,1,21459265.95,F21,LBH,"234.0522,14.495",1.07931376
TRUE,147.10459,14.57,0.054,2,1,35115164.43,F38,NOT,"147.10459,14.57",TRUE,147.10459,14.57,0.054,2,1,33686514.12,F15,LBH,"147.10459,14.57",0.959315289
TRUE,402.22472,14.597,0.061,3,1,18917276.8,F38,NOT,"402.22472,14.597",TRUE,402.22472,14.597,0.054,2,1,18862161.61,F15,LBH,"402.22472,14.597",0.997086516
TRUE,298.25011,14.601,0.122,2,1,80736139.29,F42,NOT,"298.25011,14.601",TRUE,298.25011,14.601,0.11,2,2,92148666.19,F21,LBH,"298.25011,14.601",1.141355866
TRUE,328.20329,14.612,0.056,2,1,10779433.07,F40,NOT,"328.20329,14.612",TRUE,328.20329,14.612,0.069,2,1,7369763.07,F18,LBH,"328.20329,14.612",0.683687446
TRUE,366.12517,14.621,0.122,2,1,32325199.77,F35,NOT,"366.12517,14.621",TRUE,366.12517,14.621,0.13,2,1,34460085.55,F14,LBH,"366.12517,14.621",1.066044009
TRUE,198.16147,14.647,0.066,2,1,63365238.39,F41,NOT,"198.16147,14.647",TRUE,198.16147,14.647,0.056,2,1,32376893.19,F23,LBH,"198.16147,14.647",0.510956701
TRUE,198.16165,14.653,0.069,2,1,54577722.99,F39,NOT,"198.16165,14.653",TRUE,198.16165,14.653,0.053,2,1,47891066.4,F15,LBH,"198.16165,14.653",0.877483775
TRUE,298.05361,14.685,0.062,3,1,39754067.83,F43,NOT,"298.05361,14.685",TRUE,298.05361,14.685,0.047,3,1,52848768.37,F21,LBH,"298.05361,14.685",1.32939272
TRUE,681.35436,14.709,0.051,3,1,34658299.27,F44,NOT,"681.35436,14.709",TRUE,681.35436,14.709,0.061,3,1,36830452.06,F22,LBH,"681.35436,14.709",1.062673381
TRUE,506.13274,14.718,0.148,2,1,48694075.23,F36,NOT,"506.13274,14.718",TRUE,506.13274,14.718,0.124,3,1,60378903.88,F14,LBH,"506.13274,14.718",1.239964074
TRUE,227.22428,14.732,0.072,2,1,40970006.89,F44,NOT,"227.22428,14.732",TRUE,227.22428,14.732,0.074,2,1,53227525.16,F24,LBH,"227.22428,14.732",1.299182724
TRUE,274.25036,14.874,0.1,2,2,21571963.05,F37,NOT,"274.25036,14.874",TRUE,274.25036,14.874,0.091,2,2,20242795.83,F15,LBH,"274.25036,14.874",0.938384503
TRUE,254.26053,14.874,0.147,2,1,17166722.46,F37,NOT,"254.26053,14.874",TRUE,254.26053,14.874,0.126,2,1,14705204.74,F16,LBH,"254.26053,14.874",0.856611084
TRUE,274.24999,14.875,0.085,2,1,10840207.96,F45,NOT,"274.24999,14.875",TRUE,274.24999,14.875,0.091,2,1,12992094.38,F24,LBH,"274.24999,14.875",1.198509699
TRUE,255.25542,15.15,0.153,2,1,47639713.6,F45,NOT,"255.25542,15.15",TRUE,255.25542,15.15,0.134,2,1,39374302.81,F24,LBH,"255.25542,15.15",0.826501669
TRUE,346.1797,15.247,0.109,2,1,9948643.925,F45,NOT,"346.1797,15.247",TRUE,346.1797,15.247,0.134,3,1,17151056.18,F19,LBH,"346.1797,15.247",1.723959196
TRUE,359.24056,15.251,0.19,3,1,89786737.62,F44,NOT,"359.24056,15.251",TRUE,359.24056,15.251,0.085,2,1,45191780.07,F24,LBH,"359.24056,15.251",0.503323556
TRUE,272.23521,15.259,0.135,2,1,41002296.84,F45,NOT,"272.23521,15.259",TRUE,272.23521,15.259,0.076,2,1,47497410.38,F18,LBH,"272.23521,15.259",1.158408529
TRUE,574.45452,15.263,0.058,3,1,12465125.61,F39,NOT,"574.45452,15.263",TRUE,574.45452,15.263,0.057,3,1,10077109.47,F15,LBH,"574.45452,15.263",0.808424222
TRUE,425.3857,15.389,0.109,2,1,12545083.67,F45,NOT,"425.3857,15.389",TRUE,425.3857,15.389,0.101,2,1,12372634.64,F24,LBH,"425.3857,15.389",0.986253656
TRUE,310.28655,15.768,0.135,2,1,20689317.37,F40,NOT,"310.28655,15.768",TRUE,310.28655,15.768,0.128,2,1,19089564.8,F18,LBH,"310.28655,15.768",0.922677363
TRUE,300.26649,15.858,0.118,2,1,79824543.44,F42,NOT,"300.26649,15.858",TRUE,300.26649,15.858,0.109,2,1,23571844.83,F22,LBH,"300.26649,15.858",0.295295705
TRUE,340.22859,15.858,0.136,2,1,56971441.6,F38,NOT,"340.22859,15.858",TRUE,340.22859,15.858,0.143,2,1,89760387.46,F14,LBH,"340.22859,15.858",1.57553302
TRUE,385.21477,15.858,0.132,2,1,17882402.46,F43,NOT,"385.21477,15.858",TRUE,385.21477,15.858,0.124,2,1,15454976.62,F22,LBH,"385.21477,15.858",0.864256168
TRUE,284.27159,15.859,0.098,3,5,667908405.5,F38,NOT,"284.27159,15.859",TRUE,284.27159,15.859,0.083,3,5,697511796,F16,LBH,"284.27159,15.859",1.04432253
TRUE,300.26662,15.859,0.103,3,1,116574701.8,F38,NOT,"300.26662,15.859",TRUE,300.26662,15.859,0.091,2,1,89801049.79,F14,LBH,"300.26662,15.859",0.770330513
TRUE,364.256,15.859,0.136,2,1,19803474.66,F43,NOT,"364.256,15.859",TRUE,364.256,15.859,0.128,3,1,19301751.89,F19,LBH,"364.256,15.859",0.974664912
TRUE,704.51457,15.859,0.081,2,1,14936903.97,F35,NOT,"704.51457,15.859",TRUE,704.51457,15.859,0.077,3,1,16081305.73,F14,LBH,"704.51457,15.859",1.076615727
TRUE,374.21144,15.86,0.138,3,1,24549018.58,F35,NOT,"374.21144,15.86",TRUE,374.21144,15.86,0.123,3,1,14866251.86,F15,LBH,"374.21144,15.86",0.605574183
TRUE,453.41689,16.049,0.112,3,1,27028664.5,F42,NOT,"453.41689,16.049",TRUE,453.41689,16.049,0.102,3,1,28201236.78,F22,LBH,"453.41689,16.049",1.043382546
TRUE,398.38616,16.159,0.103,2,1,25666629.76,F42,NOT,"398.38616,16.159",TRUE,398.38616,16.159,0.108,3,1,44016615.24,F23,LBH,"398.38616,16.159",1.714935527
TRUE,398.38616,16.159,0.103,2,1,25666629.76,F42,NOT,"398.38616,16.159",TRUE,398.38616,16.159,0.105,2,1,23085220.46,F21,LBH,"398.38616,16.159",0.899425467
TRUE,353.32833,16.163,0.082,3,1,548638116.8,F44,NOT,"353.32833,16.163",TRUE,353.32833,16.163,0.08,3,1,523394600.7,F23,LBH,"353.32833,16.163",0.953988767
TRUE,270.25508,16.208,0.149,2,1,32943449.82,F43,NOT,"270.25508,16.208",TRUE,270.25508,16.208,0.141,2,1,28371051.07,F19,LBH,"270.25508,16.208",0.861204617
TRUE,131.09458,17.612,0.112,2,1,19799708.12,F35,NOT,"131.09458,17.612",TRUE,131.09458,17.612,0.098,2,1,24491738.21,F16,LBH,"131.09458,17.612",1.23697471
TRUE,143.13075,17.615,0.104,2,1,36912430.07,F42,NOT,"143.13075,17.615",TRUE,143.13075,17.615,0.101,2,1,26305731.83,F18,LBH,"143.13075,17.615",0.712652399
TRUE,149.1203,17.628,0.089,2,1,17700010.12,F40,NOT,"149.1203,17.628",TRUE,149.1203,17.628,0.099,2,1,8992975.456,F17,LBH,"149.1203,17.628",0.508077419
TRUE,469.3142,17.636,0.137,2,1,11349103.29,F45,NOT,"469.3142,17.636",TRUE,469.3142,17.636,0.146,2,1,15058311.31,F23,LBH,"469.3142,17.636",1.32682829
TRUE,107.07369,17.64,0.07,2,1,112690364,F39,NOT,"107.07369,17.64",TRUE,107.07369,17.64,0.066,2,1,81803468.46,F17,LBH,"107.07369,17.64",0.725913606
TRUE,258.15735,17.647,0.192,2,3,139716306.9,F42,NOT,"258.15735,17.647",TRUE,258.15735,17.647,0.156,2,3,188583992.5,F18,LBH,"258.15735,17.647",1.349763651
TRUE,202.0533,17.725,0.171,3,1,110176353.8,F43,NOT,"202.0533,17.725",TRUE,202.0533,17.725,0.174,2,1,61284908.43,F24,LBH,"202.0533,17.725",0.556243752
TRUE,123.04277,18.249,0.177,3,1,68732355.98,F36,NOT,"123.04277,18.249",TRUE,123.04277,18.249,0.105,3,1,47348835.23,F17,LBH,"123.04277,18.249",0.688887127
TRUE,153.01668,18.28,0.189,2,2,40936476.7,F35,NOT,"153.01668,18.28",TRUE,153.01668,18.28,0.15,2,2,44476953.59,F15,LBH,"153.01668,18.28",1.086487094
TRUE,285.07118,18.294,0.154,2,1,14393060.02,F37,NOT,"285.07118,18.294",TRUE,285.07118,18.294,0.141,2,1,14488429.59,F15,LBH,"285.07118,18.294",1.00662608