MWRT,NOT,LEN,BTZ,LBH
"331.19835,7.862",9945772.327,0,8662189.229,0
"310.15907,7.864",9731369.855,0,12030179.94,0
"286.15978,7.869",7960314.681,0,7098095.176,0
"224.12276,7.871",13152334.86,0,17946447.26,0
"216.11791,7.893",48558966.8,0,59805279.65,0
"348.21163,7.915",84674680.43,0,78844935.3,0
"266.18776,7.919",37171864.57,0,47632288.72,0
"230.13347,7.923",66986625.15,0,59416820.99,0
"254.16954,7.949",114105017.1,0,165991378.8,0
"260.18101,7.96",266190393,0,214494447.6,0
"196.18236,8",55661929,0,43703580.02,0
"240.19046,8.037",133757460.9,0,101445412,0
"240.20831,8.043",37742060.27,0,24376670.39,0
"294.18678,8.071",40418996,0,41767519.12,0
"414.10597,8.093",13684156.63,0,14567960.06,0
"412.20873,8.095",28235227.73,0,26285275.97,0
"358.28966,8.098",1340796065,0,1274615732,0
"527.40276,8.11",11025831.14,0,10215092.63,0
"110.10977,8.111",21276387.63,9382395.438,14322925.11,0
"110.10974,8.111",18291874.86,0,24416553.34,0
"268.22191,8.119",251730799.9,0,131380567.8,0
"293.25307,8.201",75601790.74,0,51257693.55,0
"321.28487,8.289",52859267.84,0,28024029.31,0
"272.21318,8.308",83579724.28,0,64242246.65,0
"534.46284,8.329",22163312.48,0,9145929.71,0
"359.24101,8.333",32333848.71,0,42558095.53,0
"359.24111,8.336",44884282.41,0,41474987.36,0
"371.2487,8.345",28024281.31,0,20014622.46,0
"371.24837,8.348",55197035.38,0,14932590.08,0
"680.4663,8.351",7995543.674,0,8078615.573,0
"281.27123,8.36",14270636.59,0,16104402.96,0
"258.18288,8.363",24047354.38,0,23953303.65,0
"255.25536,8.382",28284485.68,25301690.03,27355612.22,0
"325.29759,8.439",405027323.2,352211743.7,341019884.6,0
"418.30782,8.467",68601922.91,0,101776220.2,0
"311.3181,8.705",304960417.3,0,168667344.3,0
"311.3178,8.707",329146690.5,0,242464078.3,0
"330.21471,9.924",24243714.38,0,17339134.2,0
"212.18857,10.015",141458087.9,0,113748373.5,0
"315.16747,10.219",12164273.72,0,8845350.462,0
"415.27733,10.297",22036901.32,0,16272598.15,0
"300.24071,10.383",222418833.1,0,253741708.1,0
"268.17821,10.448",31323747.25,0,20072045.21,0
"268.178,10.448",17110296.43,0,15587615.4,0
"299.17232,10.566",16768455.98,0,13721914.57,0
"503.33019,10.575",17555485.98,0,12896600.7,0
"282.23024,10.645",15082094.49,0,66331935.79,0
"546.32474,10.799",59939350.69,0,66295342.56,0
"473.3188,10.835",470044335.7,0,78640123.95,0
"570.35068,10.836",9599819.106,8608230.931,7740209.921,0
"258.10967,10.861",7801461.408,0,9667389.628,0
"324.24065,10.931",47326303.43,0,41408644.08,0
"180.16222,10.936",17972467.58,0,16430114.43,0
"317.18285,10.962",24608867.57,0,29411909.18,0
"517.34557,10.962",21334255.73,33955313.96,42592043.57,0
"277.20363,10.983",303503609.7,0,285360167,0
"298.16054,11.011",32370905.11,0,25765256.2,0
"383.31371,11.014",84162811.31,0,70151833.48,0
"312.17622,11.015",188859653,0,130828400.6,0
"406.36618,11.041",37970175.42,0,8999919.845,0
"244.0394,11.063",14944087.44,0,22919004.64,0
"756.48178,11.116",17200578.21,0,15485308.55,0
"475.28057,11.126",7023724.467,0,34510346.35,0
"366.28752,11.134",58862837.11,0,56968227.73,0
"605.39757,11.143",12058595.77,0,11293820.72,0
"253.16742,11.179",49536741.39,0,28676001.69,0
"800.50797,11.186",13088449.96,0,15488961.56,0
"604.36548,11.227",129706566.2,0,74681776.85,0
"141.11511,11.347",60741517.49,0,53258431.11,0
"188.9595,11.382",14047777.97,0,17369414.79,0
"131.9376,11.388",63369901.49,0,92017470.09,86917779.6
"115.94263,11.389",504838177,0,569032285.8,0
"117.94082,11.389",321580718.8,0,258444915.9,0
"245.17732,11.389",24969935.31,0,17527825.48,0
"204.87594,11.39",12036826.72,0,12766493.16,0
"243.14638,11.433",46343524.48,0,24777204.76,0
"162.06772,11.444",103225615.6,0,101675986.6,0
"192.07842,11.487",25633824.49,0,24333662.18,0
"561.3355,11.489",22977001.87,0,20802047.47,0
"304.15174,11.498",186339089.7,0,136270936.2,0
"258.12514,11.552",12472232.95,0,13051603.12,0
"369.2357,11.555",10887140.38,0,15815620.38,0
"405.34441,11.562",45847905.27,0,34963663.88,0
"416.07637,11.572",16256551.24,0,12506433.53,0
"337.2459,11.574",8463146.057,0,46604599.17,0
"565.41777,11.579",13243648.84,0,12850006.62,0
"635.40831,11.59",9300555.955,0,12205778.24,16386241.06
"609.44451,11.592",17356401.01,0,20544759.5,0
"285.15712,11.598",97662613.25,0,91348897.61,0
"299.13625,11.602",10545177.63,0,12073275.59,0
"283.1411,11.617",14412851.43,0,11459088.31,0
"268.25105,11.618",16223391.24,0,67331339.61,39133886.44
"354.25115,11.643",12606347.67,0,10317260.66,0
"625.47508,11.679",55450822.78,0,62672924.42,0
"625.47563,11.68",51653822.34,51240469.09,55163621.65,0
"669.50121,11.699",34141199.13,0,40536463.7,0
"145.02234,11.707",46773023.24,0,43793722.63,0
"104.02644,11.718",67718857.73,0,160875603.5,0
"713.52703,11.722",19367615.34,0,20202863.47,0
"331.1989,11.747",67168395.29,0,53990972.54,0
"384.26193,11.779",191274175.6,0,164609214.6,0
"481.28737,11.805",16707149.5,0,67507044.3,0
"398.27727,11.813",36885138.98,0,48271073.37,0
"158.05777,11.851",26685726.48,0,22365827.7,0
"424.26649,11.879",77812985.96,0,460740360.8,0
"300.03367,12.097",136347948.7,0,99822608.5,0
"225.17238,12.116",38123746.66,0,72668191.3,0
"267.14686,12.165",258866202.4,0,138136245.1,0
"336.18965,12.197",27272295.48,0,20328777.66,0
"154.06273,12.268",77659173.39,0,63315205.64,0
"281.19847,12.269",81776980.47,0,20099022.24,0
"514.36113,12.289",87191145.7,0,69138436.18,0
"452.36025,12.326",145874420.1,0,95493016.43,0
"422.31362,12.353",166650226.2,0,167443308.8,0
"422.31334,12.356",135478533.7,0,79189388.61,0
"170.05772,12.361",56272658.12,69560439.36,44699395.35,0
"383.05495,12.361",20858513,0,14492742.98,0
"258.11046,12.382",36811246.57,0,107395424.7,0
"207.08901,12.417",41488517.15,0,35461734.91,0
"268.17821,12.44",12579249.05,0,11201225.54,0
"216.13586,12.449",220141916.2,0,204434903.6,0
"534.15073,12.475",15778446.81,0,29576926.92,0
"180.042,12.479",195799933.8,0,178713050.6,0
"453.35585,12.487",17042754.8,24109727.27,12516275.33,0
"256.04918,12.511",16730165.61,0,11421642.46,0
"443.33641,12.518",26678104.12,0,16856335.99,0
"335.22117,12.625",61914559.64,0,83245973.19,0
"226.15655,12.629",26544394.08,0,20252958.16,0
"543.12761,12.632",74999727.63,0,125872553.5,0
"351.16368,12.638",9321360.432,0,5709085.399,0
"243.18331,12.64",1781149671,0,1570730553,0
"172.07326,12.643",121684242.7,0,146383078.2,0
"343.12446,12.658",32853200.66,0,22260275.96,0
"366.12712,12.663",35357355.61,0,21029923.19,0
"150.0673,12.664",54492570.26,0,18440970.52,0
"321.14262,12.668",19461869.7,0,13968245.58,0
"156.07848,12.688",241970722.1,0,202274585.1,0
"402.0952,12.692",36788163.99,0,24183059.2,0
"305.27104,12.76",15009544.16,0,13806084.22,0
"198.12521,12.762",51614317.34,0,53276473.15,0
"300.19383,12.817",17065699.51,0,17160185.36,0
"359.99971,12.856",11065705.84,0,10911227.09,0
"359.99986,12.857",16962909.49,0,6397251.671,0
"299.17262,12.877",16352367.51,0,15886958.05,0
"194.14162,12.901",18623773,0,10357875.52,0
"465.13249,12.951",119499503.6,0,58368917.31,0
"158.09357,12.955",18653405.49,0,17619573.79,0
"206.09392,12.956",19318315.28,0,14394223.48,0
"313.03719,12.957",41058780.36,0,39016600.22,0
"283.03813,12.958",26401815.12,0,31868534.81,0
"646.45656,12.987",14220307.43,47662989.18,9251598.385,0
"188.14064,13.006",20657017.23,0,36125219.27,0
"200.14087,13.035",66277503.18,0,21963582.31,0
"216.13584,13.094",7587033.305,0,7867401.247,0
"183.0893,13.096",8949091.89,0,10327628.04,0
"584.32945,13.15",38658711.03,0,34177338.14,0
"227.18811,13.223",3033207834,0,3132081469,0
"393.29845,13.224",22202872.96,0,21947793.21,0
"422.31398,13.224",13958656.11,0,9416189.619,0
"227.18825,13.225",3214033912,0,2462897852,0
"407.10231,13.243",8975540.812,0,13452195.07,0
"220.07303,13.247",49705707.45,0,42950044.02,0
"240.1145,13.247",37303036.4,0,19235786.12,0
"339.25514,13.259",22134780.42,0,16030895.49,0
"240.06694,13.319",53124680.06,0,81980109.11,0
"712.30363,13.371",136022595.2,0,219626225.3,0
"430.35565,13.39",60428492.87,0,42354683.36,0
"176.15631,13.397",9121234.872,0,13744361.85,0
"176.15608,13.399",10801855.19,0,9218119.336,0
"204.1146,13.427",29645508.44,0,24564516.69,0
"204.11472,13.427",25505559.91,22819321.13,29645861.01,0
"171.16211,13.465",9182467.632,0,9701891.916,0
"367.19963,13.476",41054802.82,0,70744904.5,0
"338.22008,13.562",54582604.58,0,30234228.5,0
"232.16709,13.583",94843585.79,0,128061812.7,0
"324.19411,13.599",11004933.64,0,14390410,0
"508.42281,13.603",149139519.7,0,88104773.04,0
"214.06273,13.606",20421806.39,0,18111341.73,0
"188.08353,13.608",270008888.2,0,195107262.3,0
"242.12998,13.611",12598299.91,0,13958825.16,0
"142.07813,13.612",43732611.41,0,60281233.24,0
"301.04918,13.616",38304425.02,0,47219716.05,0
"567.42424,13.621",12708681.6,0,23486769.87,0
"714.38344,13.624",7820666.632,0,13269962.7,0
"340.18876,13.625",93674481.29,0,43054595.13,0
"567.42375,13.625",78309192.79,0,74881004.18,0
"348.20876,13.626",9397225.922,0,37866381,0
"212.10219,13.627",12220670.85,0,32375254.33,0
"247.12023,13.635",14416841.56,0,18194959.46,0
"237.09943,13.644",54038809.93,0,67539903.29,0
"218.13045,13.651",249682838.2,0,193741091.7,0
"186.05226,13.688",28896325.07,0,26161159.31,0
"438.22551,13.691",20449822.84,0,15132424.88,0
"168.15124,13.696",34550882.44,0,61937460.5,0
"178.0989,13.715",204433827.2,0,272585528.1,0
"240.06301,13.734",99033022.29,0,46619893.77,0
"432.17351,13.734",13070697.79,0,12468874.53,0
"310.17811,13.78",209293023.5,0,146657120.9,0
"310.17808,13.78",125951454.9,0,126974667.3,0
"302.13057,13.781",13747608.47,0,30887285.92,0
"278.18828,13.783",228099708.1,0,157728560.4,0
"329.28194,13.785",110643072.3,0,175890153.8,0
"281.03453,13.785",51223005.35,0,121729397.5,0
"287.20879,13.786",36877899.04,0,263549966.4,0
"353.07991,13.787",52970464.3,0,21265192.96,0
"312.19267,13.788",454236874.8,0,175477138.3,0
"522.24863,13.788",27379112.85,0,43841542.99,0
"150.06771,13.79",2165671044,0,2802877016,0
"140.08335,13.79",785704471.9,0,984605050.7,0
"120.09393,13.797",69332166.13,0,100026396.6,0
"295.17851,13.8",1126745216,0,1473493821,0
"132.09377,13.8",85908887.62,0,46448779.56,0
"175.09928,13.801",57601002.33,0,26471769.53,0
"221.10479,13.802",204320017.7,0,199458698.1,0
"175.09952,13.802",54991892.4,0,45874201.63,0
"363.16621,13.802",26967844.35,22118056.8,19731893.32,0
"168.15079,13.825",46567779.89,0,39301186.01,0
"166.13561,13.828",55098748.31,0,98624365.3,0
"373.22133,13.841",31223538.47,0,16457981.35,0
"329.18312,13.842",61820131.16,0,43717377.08,0
"180.1146,13.847",20837182.23,0,51007673.78,0
"929.32102,13.85",36287048.79,0,63068287.95,0
"630.28757,13.852",12779663.65,0,8780638.19,0
"180.11478,13.855",37032633.77,0,52033763.54,0
"463.30498,13.891",16459791.92,0,16264621.03,0
"246.1831,13.892",21124107.84,0,22054521.77,0
"208.18213,13.903",98821653.89,0,93115701.79,0
"172.03704,13.932",36595663.54,0,28274976.91,0
"195.08914,13.951",277776707.7,0,256963654.4,0
"374.05281,13.956",12765380.03,0,10371293.24,0
"122.10936,13.964",28666507.86,0,41459867.2,0
"256.20387,13.965",27083194.6,0,45093730.6,0
"301.15194,13.969",372930973.8,0,314250348.9,0
"106.04209,13.97",170364664.6,0,140550881.4,0
"271.0865,13.978",38208728.58,0,38998556.72,0
"162.03127,13.994",58576393.36,62536321.83,56396062.19,0
"1097.52463,13.996",26114919.35,0,17553780.28,124133286.9
"238.08367,14.012",232517491.1,0,207174713.4,0
"104.06281,14.013",173191557.7,0,207239634.6,0
"242.11519,14.015",279775413.4,0,422634546.1,0
"254.15136,14.016",3810509188,0,5955590293,0
"124.08897,14.016",618103375.5,0,956957292.7,0
"180.07841,14.017",1541422415,0,2005864165,0
"110.03668,14.017",133918613,0,86081102.03,0
"124.05143,14.017",124498784.2,0,56693198.45,0
"424.16951,14.018",21916471.18,0,15085217.08,0
"475.12758,14.018",16697891.43,0,10701381.65,0
"314.17196,14.041",80227738.83,0,104508184.5,0
"240.09962,14.042",234653698.4,0,98923575.97,0
"314.17292,14.046",745247483.9,0,431490906.9,0
"196.10942,14.05",113230136.3,0,62996338.97,0
"196.1094,14.052",55886373.46,0,47370249.38,0
"270.18315,14.054",106262464.9,0,69272959.43,0
"283.17839,14.054",24620091.64,0,24248242.9,0
"270.18315,14.055",61194187.15,0,52337351.22,0
"148.05232,14.067",7186351447,0,8972148856,9425255098
"184.07338,14.092",52284857.4,0,30653910.33,0
"174.10407,14.113",88529614.1,0,26321623.03,0
"124.0524,14.117",654144356.3,0,331757694.4,0
"441.12107,14.12",20990481.17,0,21325331.31,0
"278.18825,14.122",73920190.99,0,71889715.38,0
"378.18919,14.129",11323635.43,0,14742861.51,0
"346.16286,14.13",14981157.12,0,5580360.476,0
"180.0418,14.131",1277205775,0,954040357.1,0
"254.11507,14.132",1619441904,0,1076030438,0
"152.04717,14.133",710291588.8,0,751302305.7,0
"274.10548,14.134",34474898.72,0,17867997.2,0
"541.32359,14.142",52209157.61,0,91896810.14,0
"384.14551,14.142",33534791.13,0,28076623.78,0
"286.17736,14.181",10377102.08,0,8529181.724,0
"196.14498,14.185",40138497.74,0,33572658.64,0
"186.10396,14.194",33753519.03,0,33245700.35,0
"210.10417,14.195",7777448.13,0,7508776.828,0
"368.21995,14.206",9245213.23,0,9509707.49,0
"285.22981,14.209",13973289.02,0,13608082.71,0
"277.20366,14.212",151570478.9,0,125538881,0
"255.21929,14.216",17328352.73,0,19610582.87,0
"348.24077,14.228",13743040.28,0,28881923.63,0
"411.26228,14.239",140967818.6,0,395986632.6,0
"220.10965,14.257",167015664.8,0,131610069,0
"163.13582,14.26",146779646.4,0,89138653.12,0
"510.33013,14.264",22796806.49,0,90221850.68,0
"608.32267,14.286",8131354.326,0,4111086.616,0
"350.25636,14.293",14960153.4,0,8700293.575,0
"300.2303,14.294",37851488.25,0,9207576.354,0
"138.06795,14.304",635351913.4,0,546637457,0
"328.22514,14.304",113530739.1,0,72594043.19,0
"156.07854,14.305",181215459.2,0,34067535.5,0
"218.13045,14.313",243391657.9,0,181426160.4,0
"423.2625,14.315",11440433.74,0,331592229.7,0
"226.13565,14.325",6674750.261,0,26285236.69,0
"190.07779,14.331",102078712.4,0,140303580.5,0
"264.17208,14.332",38057204.66,0,28499473.84,0
"199.19339,14.338",72894143.82,0,78342162.4,0
"429.2715,14.338",17275239.19,0,24748672.41,0
"339.24129,14.34",34182918.34,22630167.12,176965379.2,0
"339.24122,14.34",24201698.97,0,212842859.9,0
"208.14609,14.343",93721090.26,0,110602404.2,0
"368.21886,14.368",1246547735,0,806507088.9,0
"176.15608,14.378",29444882.05,0,67226493.85,0
"250.15616,14.38",27334423.46,0,48212944.7,0
"442.07073,14.38",25897154.36,0,35730786.38,0
"342.14606,14.382",1397353708,0,915833163.2,0
"132.05748,14.393",279665699.7,0,215203102,0
"240.09931,14.394",323132576.1,0,162807628.8,0
"132.05735,14.395",151060594.8,0,224701986.6,0
"120.09386,14.395",84199777.9,0,71463211.65,0
"104.06281,14.401",295138562.8,0,255009691.3,0
"145.06502,14.402",31702100.54,0,33885381.29,0
"469.30345,14.406",88825440.99,0,461367174.5,0
"276.17213,14.407",880995576.7,580325558.5,600472993.1,0
"469.30339,14.41",1154659046,0,1040668472,0
"281.2715,14.465",58707478.28,0,68762951,0
"224.03536,14.467",31362284.66,0,32469049.52,0
"206.09392,14.469",79336636.12,47180599.64,53772521.18,0
"148.03738,14.471",59928368.33,0,58097383.15,0
"246.21918,14.484",28517742.64,0,21844195.33,0
"222.16171,14.494",28757809.17,0,28089379.84,0
"186.089,14.495",19955911.79,0,31777716.42,0
"278.15186,14.496",137246296.1,0,100520561.9,0
"246.16195,14.496",82634245.91,0,84564478.28,0
"106.04193,14.498",190826213.3,0,302699225.7,0
"252.13644,14.499",48753463.95,0,19653689.18,0
"301.16804,14.5",27088323.26,0,16418705.98,0
"149.08397,14.501",34141790.94,0,9040139.037,0
"149.08373,14.505",16522853.27,0,19588003.82,0
"234.19801,14.525",50783624.6,0,52671885.34,0
"414.10564,14.544",151142849.1,0,48325071.36,0
"344.16448,14.575",7688281.716,0,20194431.4,0
"260.17687,14.577",32633275.31,0,31357596.01,0
"261.26601,14.578",20400578.54,0,17998787.08,0
"198.08899,14.582",20426549.15,0,6860661.164,0
"250.15686,14.604",48557036.56,0,54645578.95,0
"545.39171,14.633",11717112.91,0,10020085.3,0
"226.11991,14.636",14290062.72,0,22149810.73,0
"325.26088,14.637",46169312.63,0,80108211.57,0
"270.21871,14.706",27273621.57,0,20491999.67,0
"506.13198,14.721",31168639.92,0,14093098.04,0
"310.17705,14.756",14664229.54,0,15893801.42,0
"553.16814,14.925",21767387.01,0,32456200.86,0
"256.21834,14.958",161221828.1,0,136552297.9,0
"346.18028,15.259",12498006.64,0,31054347.83,0
"359.24114,15.26",132422205.7,0,116961085.9,0
"312.19692,15.26",64583436.25,0,57208703.38,0
"566.3993,15.263",62710987.5,0,69014841.62,0
"425.38616,15.388",38122717.65,0,17371205.72,0
"286.21431,15.396",32484943.01,0,42279959.61,0
"288.23022,15.402",122366831.6,0,104158039.9,0
"228.20867,15.828",13507863.71,0,21118878.22,0
"431.24736,15.855",127936471.5,80159690.44,83115855.62,0
"410.28774,15.856",11007094.84,0,13086972.09,0
"385.27629,15.857",47580685.93,0,67757039.49,0
"300.26662,15.859",116574701.8,0,127219375.2,89801049.79
"385.27675,15.859",46867349.65,0,19476708.92,0
"453.41756,16.052",34984112.94,0,39432991.49,0
"431.24681,16.061",51909818.73,0,38512169.68,0
"311.31792,16.592",267198064.6,0,247061162.5,0
"143.13075,17.615",36912430.07,0,20337304.8,26305731.83
"108.06877,17.65",130163716.6,0,95693781.68,0
"594.15213,17.663",10350294.4,0,9468687.706,0
"200.09468,17.671",218743902.6,0,199579457.1,0
"184.97566,17.719",57499812.12,0,36176670.47,0
"163.03752,18.264",45767993.88,0,46915478.29,0
"156.09693,7.864",49707315.64,0,0,61267545.8
"156.0969,7.865",68865609.43,47551086.07,0,53205849.42
"310.15975,7.868",10253923.27,0,0,7853971.153
"451.25954,7.87",13770545.42,0,0,13412235.98
"310.15962,7.87",11275196.52,0,0,10410810.47
"377.24047,7.871",18060627.44,0,0,12724502.1
"433.24831,7.874",32823597.15,0,0,38866419.81
"238.13855,7.885",24245280.01,0,0,22782435
"294.16478,7.886",21450149.31,0,0,17411889.07
"288.19401,7.905",16607649.3,0,0,13232951.2
"184.12792,7.911",68690588.91,0,0,54888236.45
"197.17774,7.916",33831728.76,0,0,24221286.48
"290.19169,7.918",55310333.88,0,0,21671674.04
"184.14586,7.931",23290701.26,0,0,40326813.21
"304.20735,7.936",46483960.75,0,0,54697345.48
"327.11226,7.966",12309537.8,0,0,16243634.95
"239.18819,7.968",90377980.12,0,0,85470140.71
"212.15926,7.97",79301239,0,0,104648993.9
"332.25661,7.973",29104491.22,0,0,32544342.29
"157.14632,7.975",30396355.77,0,0,34417310.43
"258.16478,7.982",90140801.99,0,0,81891277.99
"344.23842,8.021",95139520.35,0,0,96950229.73
"288.21222,8.032",341732055.6,0,0,401828367.8
"240.1906,8.033",184088349.6,0,0,170066539.7
"270.20116,8.034",86222597.28,0,0,108270838.2
"254.20574,8.075",172413755.2,0,0,151866121.1
"396.2661,8.112",16930941.27,0,0,89572094.13
"110.10969,8.113",15375813.29,0,0,15067818.04
"310.26872,8.256",10548549.87,0,0,14638634.69
"342.29503,8.282",5534907723,0,0,5224483478
"321.28493,8.286",52135310.07,0,0,46502204.29
"326.2867,8.286",20485709.8,0,0,21673916.38
"286.21443,8.331",36646405.6,0,0,27353338.05
"312.19679,8.331",26316994.72,0,0,25860363.95
"590.52547,8.458",31981596.54,0,0,26808549.31
"328.26164,8.466",16210007.46,0,0,12310301.8
"300.26649,8.471",29319306.1,0,0,24602282.74
"322.2173,8.473",39400677.85,0,0,34562990.07
"418.30721,8.475",82780458.34,0,0,62144194.24
"387.27175,8.477",60391032.36,0,0,33053978.53
"312.30311,8.618",25257457.61,0,0,16696082.64
"171.12576,9.848",24495687.68,0,0,41058424.21
"330.21483,9.922",16351352.57,0,0,10458199.94
"169.14635,10.168",157028718.5,0,0,507487213.7
"273.15679,10.213",8279405.637,0,0,41839438.76
"271.17803,10.269",33737662.46,0,0,43777105.11
"226.20387,10.298",385957085,0,0,14876530.88
"356.26689,10.405",15191615.88,0,0,12354948.61
"475.24108,10.416",14208075.65,0,0,9470222.476
"445.25121,10.514",15530681.04,0,0,11933938.21
"110.10977,10.517",42607316.11,0,0,54699392.1
"296.20912,10.539",59469014.38,0,0,64358145.57
"296.20918,10.54",68109187.96,0,0,795588014.5
"503.32991,10.567",16102714.78,0,0,18375235.71
"299.17269,10.572",11383870.6,0,0,15224004.8
"322.26113,10.612",31692368.51,0,0,25234496.19
"282.23027,10.643",41989399.76,0,0,19698315.07
"698.39786,10.653",41652772.4,0,0,34953990.68
"367.22002,10.702",36761631.89,0,0,49202845.94
"270.19356,10.769",67089469.7,17480323.4,0,32138270.88
"287.17278,10.77",80060625.01,0,0,139669348.6
"231.14672,10.846",28925441.84,0,0,27379060.22
"354.25139,10.853",83980481.48,0,0,51507719.15
"312.24077,10.857",18803764.06,0,0,34398747.75
"299.20888,10.888",10570754.82,0,0,107852683.1
"317.18288,10.962",34868879.36,0,0,23181953.37
"429.23534,11.007",4505847237,0,0,5392703096
"312.17622,11.01",41942125.75,0,0,18186517.98
"312.17616,11.014",19390488.36,0,0,84707799.12
"326.19191,11.016",87392876.58,0,0,135328292.6
"172.07335,11.044",1390209082,0,0,1747922695
"678.40293,11.048",15185827.37,0,0,34177214.5
"195.19829,11.059",36773772.74,0,0,50897667.29
"335.25646,11.062",25336729.05,0,0,32706836.21
"475.27989,11.137",16387594.64,0,0,43370744.5
"605.39739,11.143",93035627.58,0,0,12950912.88
"783.48142,11.19",10699387.23,0,0,16212049.91
"295.21401,11.232",21306386.83,0,0,15734097
"487.24095,11.235",59773323.96,0,0,93693046.11
"244.14169,11.261",9889675.68,0,0,15130454.89
"258.19368,11.29",51411960.01,0,0,331967759.5
"364.23546,11.325",29101427.98,0,0,38287588.44
"356.26689,11.342",592326127.9,0,0,222752906.4
"428.28752,11.346",54905562.5,0,0,68682828.72
"915.55948,11.355",30954024.99,0,0,15254147.53
"129.15169,11.379",554288921.4,0,0,565842689.7
"115.94263,11.39",708846434.7,0,0,712767571.3
"120.95902,11.39",553978683.9,0,0,449901242.9
"102.94821,11.394",2769811469,0,0,2542407880
"135.10472,11.409",54483330.25,0,0,63990328.06
"372.11034,11.411",6993900.964,0,0,16999191.32
"155.09389,11.426",54296031.56,166350671.1,0,35270619.92
"152.08345,11.435",1013850559,0,0,545090245
"198.08876,11.442",547376364.2,0,0,158680552.1
"224.15193,11.53",95116520.63,0,0,718673231.2
"310.26125,11.534",51252995.67,0,0,29871736.35
"361.31828,11.541",42409937.71,0,0,44145872.95
"369.23577,11.559",11836436.71,0,0,11454793.81
"537.42357,11.632",74346593.25,0,0,76620928.68
"573.27703,11.673",6519010.941,0,0,8583095.78
"382.28197,11.685",16431368.87,0,0,21917088.69
"336.21422,11.7",341092152.4,0,0,445407605.1
"488.15572,11.754",71492197.92,0,0,47660222.74
"384.26128,11.777",154715365.9,0,0,88841741.1
"380.23989,11.799",190009588.6,0,0,372107058.1
"172.10947,11.801",67961958.27,0,0,60610871.05
"436.2298,11.807",263144588.3,0,0,423180492.2
"167.13075,11.935",1373536295,0,0,395255265.9
"212.18852,11.938",24120956.41,0,0,12817434.07
"322.23625,11.953",9217811.06,0,0,46356534.2
"324.27675,11.996",377621294.8,535456037.1,0,202766421.2
"331.1985,12.009",134471970,0,0,146366203.3
"291.21895,12.04",10715601.25,0,0,27535070.78
"214.08456,12.065",37096077.63,0,0,57874399.43
"284.00179,12.096",17479922.27,0,0,17371570.65
"338.25609,12.133",67470781.62,0,0,52853629.13
"294.14604,12.136",17666312.57,0,0,41766046.35
"284.17314,12.151",73780003.53,0,0,27653152.64
"136.05159,12.167",174660812.8,0,0,230889073
"260.01238,12.18",45961171.41,0,0,45989888.66
"550.12345,12.184",32265212.06,0,0,31448301.52
"256.16677,12.204",9895705.284,0,0,7648288.201
"424.29256,12.213",69366197.76,0,0,229395708.5
"265.16692,12.215",27064313.59,0,0,12049015.68
"354.25124,12.222",10867343.79,0,0,21337430.11
"217.16742,12.229",10280933.67,0,0,16501206.79
"281.19869,12.263",24436631.19,0,0,9814620.14
"149.08376,12.269",29274535.22,0,0,32178994.39
"412.32948,12.295",15208470.68,0,0,9439823.137
"556.37096,12.355",116028255.1,0,0,80317104.73
"337.04811,12.364",23818537.17,0,0,19354261.13
"198.05232,12.368",176066515.5,0,0,253827590.3
"464.36031,12.372",24544153.39,0,0,113312221.8
"207.08902,12.417",37916421.42,0,0,57877231.88
"247.14119,12.421",24351600.53,0,0,21580335.54
"294.05385,12.437",34155809.21,0,0,13171703.31
"409.28246,12.453",39633374.53,0,0,12298242.52
"216.13587,12.455",172314243.6,0,0,154929446.9
"640.39195,12.464",104063929,0,0,23222619.04
"540.16861,12.478",12960314.17,0,0,26282050.78
"124.05242,12.479",43388229.04,0,0,155390502.5
"373.06883,12.482",11384491.19,0,0,7213521.375
"443.33638,12.516",22980052.75,0,0,10162854.47
"216.11447,12.524",82405712.37,0,0,75226371.83
"280.17787,12.524",26990083.98,0,0,26410113.31
"280.178,12.524",24649624.28,0,0,45281673.91
"313.15196,12.525",50429424.75,0,0,103389970.7
"202.12016,12.527",7280018.168,0,0,12238443.29
"368.30284,12.536",16039925.96,0,0,50758879.7
"448.29244,12.547",26847503.41,0,0,36715384.07
"156.07836,12.567",123179846.6,0,0,180247208.1
"258.14595,12.589",131120793.2,0,0,18758811.07
"236.15224,12.604",129527273.3,0,0,130833149.1
"416.06337,12.629",24386515.19,0,0,29541385.01
"306.17924,12.636",22166602.57,0,0,16427264.81
"477.25588,12.641",61834393.75,0,0,2401681679
"388.17204,12.654",441936007.1,0,0,669714807.1
"415.08104,12.663",27007273.07,0,0,25032658.66
"627.22261,12.664",18758638.05,0,0,13283626.33
"140.08278,12.665",30658777.56,0,0,99317208.64
"258.14684,12.668",3972814686,0,0,1307325475
"156.0785,12.685",149866857.3,0,0,103393815.2
"195.04477,12.736",75804639.72,0,0,73597743.1
"412.32894,12.753",51512134.81,0,0,82754937.08
"238.12015,12.823",183168128,0,0,198166719.4
"240.13571,12.827",376202639.9,0,0,100081233.3
"299.17269,12.875",18058934.93,0,0,17376387.52
"242.05801,12.891",11037625.53,0,0,13282974.94
"190.15657,12.895",16746981.52,0,0,12870841.66
"186.10405,12.941",24883289.97,0,0,13945045.37
"442.17754,12.951",253832068.1,0,0,127991784.6
"234.11015,12.955",93939579.92,0,0,92991804.57
"283.03783,12.956",18640534.04,0,0,12163311.09
"138.03156,12.979",497199816.4,0,0,64905383.26
"224.11975,13",42916445.6,0,0,6829171.163
"380.18263,13.166",13771273.3,0,0,12402884.43
"596.40245,13.216",11548305.64,0,0,23587983.86
"327.11226,13.218",14647959.11,0,0,8974390.755
"192.15107,13.22",192847656.9,0,0,209533682.5
"184.14583,13.221",25478417.45,0,0,24964053.04
"182.1667,13.222",66418998.4,0,0,60593116.28
"534.41319,13.234",28463861.01,0,0,55099977.61
"240.11438,13.238",34223881.37,0,0,17972303.55
"312.15636,13.243",237052264.2,0,0,218215184.7
"293.27098,13.246",31108649.97,0,0,14943712.77
"194.09404,13.259",65656626.32,0,0,119876143
"672.30864,13.288",23606869.58,0,0,14967966.96
"413.24022,13.305",66594917.45,0,0,58984090.66
"257.09297,13.311",8403995.187,0,0,11516193.02
"226.01456,13.318",11739321.78,0,0,10005733.4
"468.35509,13.327",10393529.2,0,0,22872573.42
"766.22287,13.367",46098476.17,0,0,30409013.27
"750.25034,13.373",22091052.4,0,0,16740055.06
"321.24455,13.373",8461284.751,0,0,9734210.047
"766.22318,13.376",18863937.22,0,0,17187809.77
"298.17712,13.382",83568148.37,0,0,228336150.1
"237.13587,13.382",15030876.61,0,0,12396224.58
"244.16738,13.385",177321225.9,0,0,175016035.7
"194.13039,13.396",53505268.58,0,0,49447176.3
"150.14052,13.399",43350190.47,0,0,53799907.71
"204.11479,13.427",29168262.8,0,0,28132086.97
"670.26755,13.521",59030627.63,0,0,67498528.88
"694.30592,13.522",490650355.4,0,0,257505123.4
"713.22019,13.523",130676920.2,0,0,126784058.4
"345.14262,13.531",12964520.74,0,0,11688184.14
"272.16261,13.534",105328971.7,0,0,46792136.15
"325.27599,13.602",19535867.95,0,0,11747429.93
"214.06274,13.603",16571301.56,0,0,19472116.32
"176.04706,13.604",72937211.26,0,0,106331955.9
"508.42342,13.605",173367012.3,0,0,299516916.2
"389.16862,13.607",158670658.1,0,0,19998126.51
"234.08856,13.608",585874387.4,0,0,419364948.2
"209.10489,13.613",10500378.12,0,0,30138131.79
"224.10013,13.618",17695541.27,0,0,14865768.36
"333.3022,13.618",17153308.53,0,0,29320623
"609.352,13.619",38709594.37,0,0,162289761.3
"348.20821,13.621",113152745.6,0,0,13825196.52
"353.21349,13.622",12716391.49,0,0,11223210.16
"348.20821,13.623",64757153.24,0,0,20642358.76
"282.0873,13.626",94222658.02,0,0,23245177.03
"567.42412,13.626",85658565.87,0,0,36130021.42
"224.1001,13.627",11662539.7,0,0,16773677.59
"240.06301,13.628",56600987.74,0,0,65248785.81
"268.07494,13.628",42030259.91,71115940.81,0,47704435.21
"135.10472,13.631",492106259.8,0,0,144379945.6
"135.10463,13.631",415224668.7,0,0,278084982.7
"314.13685,13.643",114688160.2,60627877.72,0,40778986.11
"298.18831,13.66",63008832.49,0,0,40582538.96
"182.05753,13.672",77667860.74,0,0,60183039.34
"124.0525,13.711",21726065.14,0,0,33210808.94
"198.12526,13.72",51108756.29,0,0,47736208.84
"249.1721,13.724",145017823.5,0,0,61381833.25
"388.20865,13.731",1007595115,0,0,106224955.3
"382.24721,13.731",86572334.33,0,0,50345721.02
"240.0628,13.732",81721436.94,0,0,45398823.75
"388.21007,13.733",895058118.9,0,0,855266525.7
"254.18751,13.743",64035913.98,0,0,66602033.02
"260.05689,13.788",18138863.82,0,0,11009384.41
"140.08351,13.792",1200050761,0,0,652388824.4
"391.23516,13.793",34534948.12,0,0,10554450.74
"168.15079,13.823",31735420.69,0,0,34025813.04
"316.18898,13.84",47214086.09,0,0,329095949.9
"310.22475,13.844",5186589431,0,0,4213972302
"326.1359,13.851",85342780.95,0,0,113358266.7
"906.36661,13.852",122061694.1,0,0,171923552.4
"864.39688,13.853",1306947554,0,0,4028702643
"326.13602,13.857",96011744.09,0,0,70129911.59
"418.23594,13.857",32749417.55,0,0,119040249
"435.26106,13.859",22052894.51,0,0,25287533.98
"193.10987,13.86",294370045.8,0,0,408807898.2
"244.20383,13.864",56980294.13,0,0,24121868.1
"302.17276,13.93",305736170.9,0,0,71261021.23
"172.03683,13.931",26446796.12,0,0,56958708.19
"382.24581,13.936",617904209.4,0,0,249947747.3
"190.13556,13.937",39252125.41,0,0,92480454.26
"249.11063,13.937",17919938.5,0,0,20139784.33
"381.26229,13.96",6835464.815,0,0,43039984.26
"453.23558,13.976",6398090.978,0,0,18093105.65
"292.13072,13.979",40872211.22,0,0,32218009.44
"196.07327,13.984",168781758.5,0,0,100960427.9
"1097.52329,13.987",14585269.9,0,0,46179369.35
"112.05257,14.008",125829999.2,0,0,36752508.89
"242.11513,14.015",84208418.7,0,0,237387768.9
"108.09398,14.016",119340313.5,0,0,96264234.34
"112.05258,14.016",42199852.63,0,0,58571482.28
"254.15139,14.017",5324351383,0,0,2491275435
"208.07295,14.017",21946473.89,0,0,11895316.13
"124.08889,14.018",1554723570,0,0,1292777813
"152.08345,14.018",859245608.7,0,0,670117945.3
"312.15637,14.018",341777800.2,0,0,173157698.3
"260.12611,14.019",108863500,0,0,21577598.45
"110.03665,14.021",328856208.9,0,0,269743281.5
"114.04691,14.038",131445068.6,0,0,50331130.52
"321.19307,14.038",86731487.02,0,0,40300664.15
"219.12541,14.041",38979954.8,0,0,25653146.03
"283.17854,14.053",39248671,0,0,12331296.81
"148.05214,14.067",7493710958,0,0,8676519319
"314.11443,14.067",3638876625,0,0,3915166185
"529.32408,14.099",19822391.91,0,0,10832161.46
"340.18791,14.102",45537989.55,0,0,25627901.48
"398.22919,14.103",125925807.6,0,0,191102989
"644.37825,14.116",39982189.58,0,0,11496493.26
"266.11458,14.119",46093906.41,0,0,56768271.64
"124.05212,14.121",191511995.9,202384305,0,147418365.6
"368.183,14.122",295638917.5,0,0,174688402.6
"276.09902,14.124",211111193.1,0,0,401105422.1
"230.09374,14.126",80532301.75,0,0,52233864.55
"198.05231,14.131",191034369.6,0,0,215210556
"441.12105,14.131",18621892.44,0,0,16448994.33
"391.2827,14.132",31487165.46,0,0,40864111.57
"370.15611,14.138",141994763.1,0,0,87504125.94
"335.20889,14.156",101687100.7,0,0,91312663.08
"343.23491,14.185",60137619.59,0,0,95971180.66
"214.09906,14.202",61687688.81,0,0,26585695.11
"324.19313,14.202",28074849.65,0,0,38853292.2
"324.19325,14.203",41105928.48,0,0,34786136.21
"277.20354,14.212",114160522.1,0,0,121730873.1
"277.20342,14.214",256007185.7,0,0,71452062.67
"210.16157,14.218",483635844.2,0,0,432284735
"174.14075,14.218",117114168.3,0,0,46032681.7
"202.13532,14.221",24175215.76,0,0,30014800.19
"164.04698,14.222",93855765.53,0,0,96078535.58
"222.08857,14.23",304227902.3,0,0,171276221.8
"337.18849,14.239",36468105.19,0,0,27737503.64
"208.15704,14.239",15782846.42,0,0,17566860.54
"144.09357,14.249",69958133.8,0,0,69883714.87
"351.11269,14.257",35002047.79,0,0,14159698.52
"163.13582,14.259",244621511.4,0,0,186599256
"351.11229,14.262",75020491.25,0,0,22515018.19
"112.0878,14.292",24325671.4,0,0,20199685.26
"122.03681,14.297",292536193,0,0,123258915.5
"122.03681,14.299",201002987.6,0,0,98235933.24
"138.06782,14.303",648629462.3,0,0,234386832.8
"212.14069,14.307",21557773.94,0,0,5684430.704
"382.23598,14.313",326625737.3,0,0,205097743.8
"308.1982,14.315",135839029.3,0,0,228422361.6
"234.16178,14.327",322068106.2,0,0,484797035.3
"264.1718,14.328",32594281.9,0,0,22113466.72
"208.14586,14.343",64191177.87,0,0,84863644.65
"316.20305,14.367",48847611.57,61764034.41,0,49717837.77
"438.30824,14.369",120272560.2,0,0,105873478.4
"252.17215,14.376",21466802.37,0,0,26511299.72
"402.12541,14.379",16455548.55,15627049.64,0,15065166.12
"150.06781,14.398",127092915.6,0,0,60430150.55
"196.10979,14.419",22564152.67,0,0,12590554.18
"250.19255,14.443",117910595.7,0,0,96399680.19
"553.43291,14.458",24631768.13,0,0,13287956.52
"224.03504,14.468",19133439.78,0,0,19289531.25
"148.03717,14.469",53148057.94,0,0,59039987.21
"142.07804,14.471",27189162.15,0,0,64961219.37
"262.15624,14.474",14782888.94,0,0,11509612.23
"382.19817,14.489",63836901.38,0,0,42378168.89
"140.08372,14.494",184773587.8,0,0,173919084
"206.1667,14.495",29074315.53,0,0,243021437.3
"234.0522,14.495",19882324.07,0,0,21459265.95
"147.10459,14.57",35115164.43,0,0,33686514.12
"402.22472,14.597",18917276.8,0,0,18862161.61
"298.25011,14.601",80736139.29,0,0,92148666.19
"328.20329,14.612",10779433.07,0,0,7369763.07
"366.12517,14.621",32325199.77,0,0,34460085.55
"198.16147,14.647",63365238.39,0,0,32376893.19
"198.16165,14.653",54577722.99,0,0,47891066.4
"298.05361,14.685",39754067.83,0,0,52848768.37
"681.35436,14.709",34658299.27,0,0,36830452.06
"506.13274,14.718",48694075.23,0,0,60378903.88
"227.22428,14.732",40970006.89,0,0,53227525.16
"274.25036,14.874",21571963.05,0,0,20242795.83
"254.26053,14.874",17166722.46,0,0,14705204.74
"274.24999,14.875",10840207.96,0,0,12992094.38
"255.25542,15.15",47639713.6,0,0,39374302.81
"346.1797,15.247",9948643.925,0,0,17151056.18
"359.24056,15.251",89786737.62,0,0,45191780.07
"272.23521,15.259",41002296.84,0,0,47497410.38
"574.45452,15.263",12465125.61,0,0,10077109.47
"425.3857,15.389",12545083.67,0,0,12372634.64
"310.28655,15.768",20689317.37,0,0,19089564.8
"300.26649,15.858",79824543.44,0,0,23571844.83
"340.22859,15.858",56971441.6,0,0,89760387.46
"385.21477,15.858",17882402.46,0,0,15454976.62
"284.27159,15.859",667908405.5,0,0,697511796
"364.256,15.859",19803474.66,0,0,19301751.89
"704.51457,15.859",14936903.97,0,0,16081305.73
"374.21144,15.86",24549018.58,0,0,14866251.86
"453.41689,16.049",27028664.5,0,0,28201236.78
"398.38616,16.159",25666629.76,0,0,44016615.24
"353.32833,16.163",548638116.8,0,0,523394600.7
"270.25508,16.208",32943449.82,0,0,28371051.07
"131.09458,17.612",19799708.12,0,0,24491738.21
"149.1203,17.628",17700010.12,0,0,8992975.456
"469.3142,17.636",11349103.29,0,0,15058311.31
"107.07369,17.64",112690364,0,0,81803468.46
"258.15735,17.647",139716306.9,0,0,188583992.5
"202.0533,17.725",110176353.8,0,0,61284908.43
"123.04277,18.249",68732355.98,0,0,47348835.23
"153.01668,18.28",40936476.7,0,0,44476953.59
"285.07118,18.294",14393060.02,0,0,14488429.59
"242.152,7.87",39433993.27,64316937.05,0,0
"186.10736,7.871",41745618.47,34595583.44,0,0
"419.26967,7.904",73200723.4,68625601.15,0,0
"374.21297,7.906",15071224.79,19649930.81,0,0
"197.17753,7.913",31051039.13,30124779.36,0,0
"294.2191,7.922",151029158.2,140876808.8,0,0
"360.2337,7.924",69272103.85,48725835.13,0,0
"372.2336,7.94",14919755.99,39841325.12,0,0
"242.1695,7.962",82100741.02,87112368.97,0,0
"157.14635,7.977",32426538.39,35451985.44,0,0
"258.16472,7.984",91275510.39,68316804.5,0,0
"370.25286,7.99",1578763184,1509284825,0,0
"140.08345,7.996",31927500.89,29099193.11,0,0
"194.09384,8.01",140806292.3,176235830.1,0,0
"166.0627,8.01",116556676.6,139762364.3,0,0
"331.27168,8.01",86637472.75,72318186.91,0,0
"240.19049,8.035",175476939.3,161441406.5,0,0
"346.25416,8.041",26790507.4,84073433.95,0,0
"307.23259,8.054",43698828.15,49995469.28,0,0
"307.23265,8.055",52424764.87,46535428.99,0,0
"310.23216,8.063",179595155.8,169807694.3,0,0
"312.17631,8.068",2111273185,1937660621,0,0
"312.17613,8.069",453988832.5,1962343365,0,0
"322.26824,8.091",389741416.6,402804364.5,0,0
"358.28914,8.097",1275175137,1212803025,0,0
"439.35018,8.102",11264167.96,13081026.81,0,0
"110.10974,8.112",13231581.38,13285605.88,0,0
"456.19805,8.118",21210263.63,42694365.07,0,0
"391.31056,8.119",115313628.2,102279972.2,0,0
"286.23199,8.12",186402781.6,200234271.6,0,0
"317.29213,8.124",58941112.83,54628314.58,0,0
"317.2925,8.131",57114281.38,50185346.03,0,0
"266.26045,8.144",79490924.93,96015456.42,0,0
"344.27489,8.196",26847827.3,29823701.33,0,0
"314.26361,8.204",170599996.3,164790954.8,0,0
"228.20881,8.204",33737223.65,21671237.76,0,0
"268.24046,8.278",34250380.61,32612632.29,0,0
"321.28462,8.29",40803378.52,38655283.18,0,0
"534.4629,8.328",16289475.56,16045105.96,0,0
"629.39619,8.328",6777472.593,7482827.718,0,0
"314.19902,8.33",8170477.544,21249587.21,0,0
"386.19853,8.338",48908046.33,53646777.01,0,0
"281.2715,8.357",19334258.24,16246643.4,0,0
"352.31526,8.372",36109446.97,35987904.46,0,0
"255.25572,8.383",34745754.1,39642075.07,0,0
"255.25585,8.384",40532451.51,44480084.94,0,0
"622.46174,8.458",32033675.14,49050118.04,0,0
"562.49415,8.458",17749104.3,18672485.11,0,0
"380.25972,8.467",46735098.75,54394624.46,0,0
"311.31819,8.707",305072567.8,248661177.8,0,0
"320.30733,8.738",288598407.3,332031891,0,0
"380.3513,9.765",367824584.6,794646006.4,0,0
"210.17301,9.765",304206242,86070995.23,0,0
"315.20381,9.927",127864421.2,85880058.69,0,0
"315.20381,10.161",388615225.3,281061418.7,0,0
"265.20354,10.386",201183260,39998052.97,0,0
"240.18311,10.414",44841846.07,73389267.03,0,0
"240.18357,10.416",31400874.88,32659566.56,0,0
"414.24584,10.445",222925183.2,267930144.1,0,0
"340.20909,10.561",371536278.3,544643455.9,0,0
"436.37699,10.574",14955690.58,16980274.06,0,0
"429.29323,10.708",81336998.39,91032840.22,0,0
"367.31943,10.708",21725968.9,21049409.59,0,0
"580.41825,10.776",10388998.86,20053133.41,0,0
"354.25096,10.851",70120039.17,76550561.26,0,0
"624.40348,10.891",6643879.168,18554379.46,0,0
"221.16211,10.921",20729900.2,24026306,0,0
"562.40799,10.941",18802179.92,24200830.75,0,0
"250.17766,10.991",55142690.48,36193778.92,0,0
"348.14226,11.003",14828610.11,26969956.43,0,0
"298.16054,11.012",43588520.61,31972773.84,0,0
"326.19185,11.02",190751563.8,77832157.79,0,0
"326.19169,11.025",44099174.84,77013101.08,0,0
"219.16172,11.037",41485953.43,43183293.22,0,0
"712.45542,11.053",12630153.58,48954916.26,0,0
"144.11475,11.064",21117989.7,21955210.54,0,0
"259.15666,11.118",39757207.2,44747435.97,0,0
"312.27684,11.153",30990273.24,11219012.79,0,0
"783.48136,11.186",12688476.59,21387742.1,0,0
"326.25655,11.224",35987844.03,23562845.34,0,0
"551.39249,11.232",9241297.7,11640593.63,0,0
"844.53324,11.247",22156836.44,17819738.4,0,0
"264.21941,11.251",32821061.73,49074050.67,0,0
"211.15662,11.254",14870996.86,15514760.11,0,0
"694.31113,11.258",84950777.48,147051214.9,0,0
"237.99242,11.312",33144598.95,49443927.49,0,0
"229.18273,11.313",113107776.3,129498675.1,0,0
"207.18294,11.322",317354535.1,396965904.3,0,0
"339.23989,11.347",2078352449,479025053.5,0,0
"108.06879,11.352",66076610.72,56270863.87,0,0
"898.53348,11.354",17317418.46,22739047.45,0,0
"336.20391,11.357",112112726.6,32427669.85,0,0
"118.07826,11.384",991037816.3,621506180,0,0
"131.93762,11.384",79984428.35,90666217.58,0,0
"151.92746,11.386",18572124.47,27459337.52,0,0
"118.07833,11.387",1272543624,1047881550,0,0
"102.9481,11.39",1784148741,1173889214,0,0
"456.28273,11.399",41188329.14,38914559.79,0,0
"255.18294,11.402",19650650.29,22171540.95,0,0
"149.12029,11.403",18809846.31,14107633.27,0,0
"135.10466,11.409",53950915.6,48496735.55,0,0
"135.10457,11.414",59735835.43,61359723.46,0,0
"155.09453,11.415",43044974.8,119548811,0,0
"340.27175,11.431",195975342.1,52134815.54,0,0
"651.38506,11.44",19552841.02,8493642.869,0,0
"547.35613,11.446",17357109.82,19619970.29,0,0
"257.16206,11.474",42669515.22,56100638.06,0,0
"299.20931,11.477",8916983.729,9047929.851,0,0
"317.2925,11.514",37658466.63,38615991.94,0,0
"237.1572,11.522",12309434.06,13308492.5,0,0
"635.40795,11.591",16014897.74,11210629.96,0,0
"283.1415,11.615",10820919.91,13080583.46,0,0
"256.14171,11.625",20097184.99,23470192.74,0,0
"104.02638,11.711",219414376.8,172438903.8,0,0
"310.01311,11.721",34540453.77,22518761.52,0,0
"495.26738,11.739",77749034.7,32199869.38,0,0
"406.33003,11.759",60735620.39,101596702.4,0,0
"320.15195,11.762",24127089.71,16445871.17,0,0
"384.2614,11.776",224989997.8,333701390.2,0,0
"380.24059,11.799",354246787.1,812622582.4,0,0
"372.18334,11.808",83111601.7,35261373.13,0,0
"446.27703,11.863",22383769.9,43910730.61,0,0
"195.19823,11.892",90578879.08,36576164.16,0,0
"368.26689,11.904",51032586.78,47840355.51,0,0
"368.26659,11.906",36006289.89,65807597.31,0,0
"292.21419,11.912",11842740.35,18152342.55,0,0
"212.18855,11.941",10527556.08,61270295.2,0,0
"197.14132,11.943",723392231.6,1917072004,0,0
"340.27175,11.953",167511658.3,55173009.41,0,0
"211.15668,11.956",30210952.87,73138828.43,0,0
"524.2827,11.973",31533747.2,329770218.6,0,0
"260.12532,11.974",132028999,164714456.5,0,0
"246.11032,12.035",27858660.08,35904312.93,0,0
"121.09942,12.104",107692615,243692476.5,0,0
"199.15678,12.107",122599083.1,122402175,0,0
"195.1982,12.126",12720969.52,15477051.95,0,0
"186.05256,12.149",286773482.5,393566037.1,0,0
"661.424,12.156",27969878.56,67598081.87,0,0
"366.32356,12.167",13142825.32,19463298.88,0,0
"344.03374,12.168",56294187.96,60693011.63,0,0
"378.05376,12.171",11548605.99,7586863.758,0,0
"283.02825,12.179",56148697.59,43588876.41,0,0
"183.16187,12.192",39203994.62,45439363.5,0,0
"295.17497,12.201",24212879.38,37131075.06,0,0
"295.17531,12.201",17718136.93,25864478.76,0,0
"319.19972,12.205",30392088.57,28755735.92,0,0
"217.16765,12.233",7989512.894,13766746.93,0,0
"575.38738,12.248",12772998.27,23043723.97,0,0
"359.19319,12.261",20890036.84,8463446.105,0,0
"230.05781,12.266",31016127.8,30593407.45,0,0
"212.14073,12.339",86726214.85,281735377,0,0
"294.10817,12.357",56964814.69,21674295.78,0,0
"272.12515,12.364",958610655.5,275575004.9,0,0
"437.3243,12.38",15078046.99,18485698.52,0,0
"218.13045,12.398",339570565,233709022,0,0
"176.08344,12.411",183631144.9,252436108.1,0,0
"351.02556,12.427",10406551.27,17372067.9,0,0
"476.13496,12.434",6762188.606,10948360.33,0,0
"132.04228,12.436",274239475.9,429838904.6,0,0
"389.04118,12.472",35659513.91,22912180.48,0,0
"110.07223,12.475",55248742.18,23337110.22,0,0
"108.05757,12.477",168431071.7,304134164.3,0,0
"228.13605,12.48",39779956.65,200192574.2,0,0
"244.13101,12.482",58886193.07,80629292.3,0,0
"383.05498,12.482",28903839.32,32681085.19,0,0
"342.16801,12.5",86478531.96,24203916.33,0,0
"274.14183,12.503",12115859.46,13298977.73,0,0
"595.28258,12.504",14157863.29,15307821.96,0,0
"256.04921,12.511",16084852.5,16608071.67,0,0
"466.34014,12.518",15297687.9,17557471.19,0,0
"234.12506,12.52",24734712.85,28069324.71,0,0
"426.3463,12.522",86868299.17,198837548.7,0,0
"313.15196,12.522",86181928.34,89732504.88,0,0
"426.34605,12.524",291457987.3,186462145.3,0,0
"622.28407,12.541",11380910.94,8098076.934,0,0
"143.13083,12.542",17120189.81,27557565.15,0,0
"156.07839,12.567",536435273.8,307734982.6,0,0
"202.15655,12.568",44940711.43,54739970.61,0,0
"346.16292,12.577",19377903.18,26461413.68,0,0
"118.0419,12.585",35348274.08,38278965.63,0,0
"184.07295,12.593",84038968.58,199530197.7,0,0
"226.15664,12.627",32852314.43,31300863.94,0,0
"214.15646,12.631",18128589.83,20107847.06,0,0
"497.12159,12.632",239613233.1,225357239.5,0,0
"351.16377,12.637",8737427.431,8670279.121,0,0
"502.16224,12.653",33569064.33,100916915,0,0
"342.16807,12.655",176977899.2,97407479.08,0,0
"438.05748,12.663",54444838.24,55705943.13,0,0
"150.06729,12.666",61180722.02,13706963.24,0,0
"392.12666,12.667",20480778.97,18159257.98,0,0
"184.1458,12.682",10227805.2,13572878.34,0,0
"358.06917,12.684",9566174.276,9425141.472,0,0
"412.32961,12.75",94288373.77,27927325.19,0,0
"418.16334,12.75",48289763.96,29810933.05,0,0
"305.27132,12.755",13597349.36,24691810.64,0,0
"305.27101,12.756",14565234.16,12352852.37,0,0
"300.19368,12.839",32026389.29,14973914.06,0,0
"845.46105,12.912",11440503.47,11046881.12,0,0
"189.95837,12.927",147073422.7,90237140.49,0,0
"126.03068,12.95",151893559.6,248539464.3,0,0
"126.03169,12.953",2784270503,3007168824,0,0
"144.04207,12.953",171729193.9,180687229.9,0,0
"144.04218,12.954",165698600.8,142101787.9,0,0
"357.03938,12.959",30640307.65,44678109.89,0,0
"256.1303,12.984",13130216.68,21946769,0,0
"314.1104,13.046",9035310.788,8964481.834,0,0
"179.09441,13.114",56786415.16,98423795.9,0,0
"211.15668,13.127",9472938.677,8007005.237,0,0
"565.40825,13.135",14594089.83,19509650.26,0,0
"525.34187,13.142",9860847.807,11928599.8,0,0
"462.34502,13.144",139905868.1,165251283.6,0,0
"462.34453,13.145",75611448.58,110307241.5,0,0
"339.20394,13.157",12269626.36,59647066.08,0,0
"454.33934,13.179",13541780.39,22733401.16,0,0
"228.17208,13.222",207288054.4,167481285.6,0,0
"192.15123,13.223",231883706.3,175441163.5,0,0
"227.18822,13.224",2534075534,2695191936,0,0
"192.15104,13.226",261839924.7,191407821.9,0,0
"240.11423,13.249",59334671.88,43633484.7,0,0
"336.15383,13.285",260242124.7,439760166.7,0,0
"460.10338,13.311",74086319.03,36036430.45,0,0
"222.05579,13.316",168748731.1,163284603.4,0,0
"399.1508,13.316",22554384.95,22285590.14,0,0
"296.16158,13.319",1361850924,667260941.5,0,0
"254.15135,13.397",601721418.7,912790170.1,0,0
"166.13565,13.398",23000392.04,22725295.98,0,0
"269.16257,13.441",362403530.3,119885621.3,0,0
"337.261,13.492",208521917.2,339070438.6,0,0
"330.11024,13.51",13423272.36,19204161.47,0,0
"710.27176,13.511",17225995.05,9356419.312,0,0
"327.20375,13.513",15170767.34,18355879.02,0,0
"700.2211,13.518",1101584658,580850454.1,0,0
"718.2609,13.518",22341292.81,29572882.55,0,0
"694.30586,13.519",122024155.7,39031244.99,0,0
"482.33449,13.562",16061417.82,35160024.85,0,0
"212.14067,13.602",12937757.15,13832398.92,0,0
"206.094,13.604",162449949.7,123585268,0,0
"206.09392,13.605",226332146.9,212805391.6,0,0
"127.05463,13.605",49826911.43,76547864.33,0,0
"142.07793,13.606",49791957.97,48728168.35,0,0
"389.16878,13.607",27934411.05,37846427.89,0,0
"114.06705,13.608",15356214.96,17835023.1,0,0
"194.05745,13.61",46648005.73,101943911.4,0,0
"241.09831,13.614",41126647.36,30599599.55,0,0
"241.09859,13.616",44366106.87,39041918.8,0,0
"145.11745,13.624",201590270.3,165773976.8,0,0
"465.23924,13.628",6957900.773,8362965.266,0,0
"181.11004,13.631",278252472.3,289728572.5,0,0
"451.20561,13.651",40940790.61,40082338.43,0,0
"577.36201,13.657",31342853.91,17069089.38,0,0
"309.26579,13.658",29076628.5,37149999.96,0,0
"243.25586,13.664",38748576.05,15068494.3,0,0
"220.10942,13.668",78072165.06,100228397.1,0,0
"218.17769,13.668",28757873.66,55276036.04,0,0
"182.05772,13.67",232310574.5,140377638.5,0,0
"237.11255,13.672",267014223.1,334280097.3,0,0
"222.16162,13.672",146450812.4,85149236.56,0,0
"221.15391,13.673",326768579,102010428,0,0
"294.18315,13.674",639554238.2,612490596.1,0,0
"237.11265,13.675",190447242.6,95053535.61,0,0
"196.18231,13.696",30280119.27,12876038.43,0,0
"138.06807,13.715",589457972.8,352040344,0,0
"240.13569,13.724",2051978617,1295052967,0,0
"110.07321,13.726",91066508.76,114565256.7,0,0
"110.07328,13.728",99814263.8,76813310.38,0,0
"308.17375,13.729",8430625.61,8820301.704,0,0
"440.23979,13.744",10597279.04,11015136.64,0,0
"375.25265,13.749",9247844.204,7359240.502,0,0
"342.20445,13.757",29736413.97,198272602.3,0,0
"276.17283,13.769",16945475.29,16425453.29,0,0
"342.07546,13.783",36306856.57,281763338.2,0,0
"302.13048,13.784",33459132.17,32801236.77,0,0
"238.11994,13.786",236915776,284550551.4,0,0
"287.20876,13.787",28379798.38,624124411.6,0,0
"312.19316,13.788",87242668.79,653191088.4,0,0
"192.11457,13.788",74518658.37,102191854.2,0,0
"538.22116,13.79",148088594.1,121165585.3,0,0
"353.07927,13.79",35875694.46,25924650.7,0,0
"189.06183,13.796",40526256.46,168182658,0,0
"554.3557,13.8",15359937.57,32521522.13,0,0
"311.17245,13.819",66165907.81,36667946.66,0,0
"446.15816,13.825",26149398.6,23190088.32,0,0
"124.10006,13.844",51720610.71,63697648.11,0,0
"463.20558,13.846",27235339.41,36370373.74,0,0
"906.36557,13.853",59235372.81,33917015.65,0,0
"224.06816,13.854",90912735.81,85791114.67,0,0
"335.14916,13.885",39577126.93,11626105.06,0,0
"386.1848,13.898",137837288.5,107675397.5,0,0
"387.22621,13.902",68688193.63,79869482.73,0,0
"382.24702,13.933",611760852.3,176961140,0,0
"204.11471,13.952",33707616.08,24794579.71,0,0
"364.23656,13.955",12521850.74,204585825.2,0,0
"255.21907,13.959",56326527.43,77438852.9,0,0
"301.15167,13.966",256646057.8,311828966.2,0,0
"106.0421,13.97",81757401.04,164374916.7,0,0
"162.03156,13.995",103642494.1,121301064.5,0,0
"299.20909,14.002",30112792.52,38184666.75,0,0
"230.15159,14.004",73821452.57,47228449.8,0,0
"415.25749,14.008",5959933.541,91194504.42,0,0
"180.07826,14.015",1306502951,3582772570,0,0
"316.18873,14.016",272643572.9,530622675.9,0,0
"381.11055,14.016",50588706.25,38709410.08,0,0
"381.11107,14.016",48359041.42,43964166.18,0,0
"222.16164,14.017",46050022.75,56207370.99,0,0
"401.1663,14.017",30446674.68,47949620.51,0,0
"208.146,14.035",427791933.9,736699243,0,0
"194.09384,14.038",1028527034,777833858,0,0
"166.06288,14.041",409348462,726123423.5,0,0
"194.13049,14.042",77615646.39,50584514.33,0,0
"219.12537,14.046",31877460.11,41921046.45,0,0
"124.01589,14.047",137715150,134271961.2,0,0
"104.02629,14.066",459641113.7,707057031.4,0,0
"148.05234,14.068",10223160254,8791186203,0,0
"267.14641,14.091",34962840.48,58230013.71,0,0
"726.42006,14.114",98075422.01,40005513.25,0,0
"390.16228,14.12",35012606.86,32510421.79,0,0
"278.18812,14.121",69946324.23,106403201.2,0,0
"328.18867,14.131",591776994.3,981806874.3,0,0
"170.0575,14.131",145299013.2,109254500.2,0,0
"721.29863,14.132",25777593.45,40354475.67,0,0
"364.16527,14.137",10587885.9,19246358.57,0,0
"428.11229,14.138",104482784.2,114771942.9,0,0
"202.03923,14.143",5171441.74,26656854.21,0,0
"222.05593,14.153",79833661.55,122548396.6,0,0
"298.05394,14.155",29902967.08,16415046.63,0,0
"296.07479,14.156",20795682.88,24010850.42,0,0
"196.10979,14.177",28708477.19,17612471.92,0,0
"188.11983,14.195",30486966.83,27136230.89,0,0
"202.08389,14.195",7336732.399,17329760.79,0,0
"296.1982,14.208",90519358.69,145453957.5,0,0
"154.09906,14.215",69785953.96,41454639.57,0,0
"210.16149,14.216",590288451.6,1005742254,0,0
"210.16154,14.217",821534574.3,1228353427,0,0
"591.29011,14.218",8961418.163,8729227.885,0,0
"190.09897,14.222",32469074.18,21996016.29,0,0
"258.18239,14.235",12542186.31,49500591.57,0,0
"256.16733,14.249",2060149666,2141295615,0,0
"198.16158,14.249",111177692.3,65089838.46,0,0
"341.25582,14.25",61578755.2,19648091.34,0,0
"341.2556,14.254",26025820.98,25795572.22,0,0
"351.11248,14.259",27959404.61,57793496.32,0,0
"258.14665,14.262",14723586.62,15597281.58,0,0
"414.13292,14.301",51834633.74,18887398.13,0,0
"314.20834,14.304",2108227878,2646906887,0,0
"240.13552,14.304",710789462.2,682718545.3,0,0
"156.07839,14.305",60712884.02,42872109.98,0,0
"212.14066,14.306",18738521.37,16258662.73,0,0
"212.14067,14.307",16454418.41,18218324.46,0,0
"308.19783,14.315",129767194,153860062.2,0,0
"324.20888,14.317",17080398.56,15251084.37,0,0
"477.04021,14.34",95136205.52,95642457.63,0,0
"208.146,14.347",106485803.1,193836624.7,0,0
"477.03993,14.347",94394043.42,117718826.9,0,0
"240.20862,14.348",55753364.5,79694517.37,0,0
"242.16655,14.351",35151092.08,31733066.17,0,0
"356.04103,14.356",21458073.43,40843815.61,0,0
"374.05294,14.359",20230450.58,54792012.12,0,0
"104.02638,14.382",456355008.9,521338654.1,0,0
"514.31477,14.388",139588594.9,40808854.68,0,0
"465.18061,14.392",40993252.31,39233721.39,0,0
"354.2397,14.393",305788263.8,33026200.65,0,0
"470.15947,14.398",14216266.52,15518308.2,0,0
"145.06517,14.402",39222636.42,47001062.76,0,0
"410.26598,14.419",41217903.43,15633654.11,0,0
"268.23982,14.468",86257813.99,81557750.71,0,0
"298.05394,14.468",58528643.71,47004844.77,0,0
"466.34999,14.468",45065881.28,34089831.31,0,0
"382.23496,14.47",947028074,750696143.9,0,0
"252.09908,14.471",101773323.7,57212020.48,0,0
"333.22936,14.48",19395525.93,18156582.85,0,0
"378.29753,14.482",63733632.57,25933708.29,0,0
"328.2245,14.484",54012959.17,45239826.31,0,0
"278.15169,14.496",50868709.71,178255457.9,0,0
"168.07834,14.497",353896811.8,241276632,0,0
"250.15697,14.497",96112738.94,83836095.24,0,0
"236.14117,14.499",31558025.67,24908588.65,0,0
"272.17723,14.5",40311767.96,22834756.32,0,0
"377.14281,14.502",13341284.91,7994621.8,0,0
"278.1519,14.505",160049262.7,118485750,0,0
"265.16722,14.506",25926924.07,20684715.07,0,0
"251.15178,14.506",20078612.14,19424600.69,0,0
"133.08893,14.514",35331789.33,19832372.2,0,0
"244.14594,14.566",16445188.5,15146111.35,0,0
"282.1975,14.57",33742667.45,41943070.14,0,0
"368.26686,14.571",55323609.05,61734235.96,0,0
"147.10446,14.571",27634572.17,23773291.65,0,0
"226.22904,14.573",25138944.13,32026285.58,0,0
"214.15661,14.596",6462038.974,12477414.62,0,0
"465.09719,14.622",9382074.647,11468883.98,0,0
"353.2921,14.632",13814284.29,14019561.51,0,0
"330.21626,14.634",9481102.696,8023146.54,0,0
"270.1462,14.636",12606451.56,10904047.32,0,0
"270.14592,14.639",6527167.459,11953812.42,0,0
"515.34502,14.641",7683500.172,8374331.563,0,0
"286.21355,14.65",107646909.5,110239961.1,0,0
"331.27135,14.653",105086353.3,47960253.58,0,0
"372.2506,14.682",45822626.11,14746857.76,0,0
"296.07479,14.684",21221594.78,27661619.09,0,0
"122.03681,14.845",16055723.34,14820844.63,0,0
"553.16796,14.922",21669187.94,15912833.39,0,0
"553.16747,14.926",27901587.2,40673662.76,0,0
"226.22928,14.928",11085005.17,15894588.61,0,0
"390.21675,15.253",32065825.29,114704595.8,0,0
"304.22517,15.254",16348513.61,15662110.55,0,0
"562.49428,15.259",21584341.53,15434337.44,0,0
"357.2451,15.261",52913779.5,69550384.08,0,0
"345.35982,15.684",20785943.16,30604349.34,0,0
"340.22865,15.856",81834039.62,48507167.99,0,0
"340.22823,15.856",54272394.82,33527080.27,0,0
"413.27156,15.858",28603085.97,23223057.56,0,0
"300.26655,15.86",140077675.5,144984564.6,0,0
"342.20445,15.86",13858091.1,11806797.27,0,0
"431.24736,16.061",57169800.6,63017411.93,0,0
"284.27124,16.062",167835552.9,141505209.5,0,0
"398.38613,16.158",40686323.61,55046218.74,0,0
"353.32869,16.161",657668339.3,534559395.5,0,0
"129.15166,17.617",1435875994,1205279327,0,0
"115.09985,17.622",9035129.85,9663503.484,0,0
"189.97161,17.78",43130271.83,33736116.46,0,0
"208.92557,17.942",129038978.4,121380497.2,0,0
"204.94371,18.026",86842339.53,72062721.43,0,0
"151.07377,18.23",17516357.17,23532494.49,0,0
"179.06891,18.242",32719744.75,35710106.29,0,0